cell,region,eid,n_trials,n_err,n0,fr_window,choice_beta,p_choice,corr_diff,err_diff,q_choice,sig_choice_raw,sig_choice_fdr,follows_choice
0143d3fe-79c2-4922-8332-62c3e4e0ba85:160,MRN,22e04698-b974-4805-b241-3b547dbf37bf,37,5,15,13.679727324135914,0.4091816100968866,0.6363636363636364,,,0.9027759126119781,False,False,False
0143d3fe-79c2-4922-8332-62c3e4e0ba85:183,MRN,22e04698-b974-4805-b241-3b547dbf37bf,37,5,15,14.782704559665994,-0.22429880848013584,0.7262737262737263,,,0.9043456543456544,False,False,False
0143d3fe-79c2-4922-8332-62c3e4e0ba85:188,MRN,22e04698-b974-4805-b241-3b547dbf37bf,37,5,15,17.479509551541764,0.643766588150321,0.5364635364635365,,,0.8850013622740894,False,False,False
0143d3fe-79c2-4922-8332-62c3e4e0ba85:202,MRN,22e04698-b974-4805-b241-3b547dbf37bf,37,5,15,64.99662313329429,-2.141416720019935,0.6533466533466533,,,0.902816033806449,False,False,False
0143d3fe-79c2-4922-8332-62c3e4e0ba85:208,MRN,22e04698-b974-4805-b241-3b547dbf37bf,37,5,15,61.93394124126768,1.4505906447587162,0.7222777222777222,,,0.9043456543456544,False,False,False
0143d3fe-79c2-4922-8332-62c3e4e0ba85:21,SNr,22e04698-b974-4805-b241-3b547dbf37bf,37,5,15,18.470654656108863,3.333840531073186,0.15884115884115885,,,0.6629140090678551,False,False,False
0143d3fe-79c2-4922-8332-62c3e4e0ba85:213,MRN,22e04698-b974-4805-b241-3b547dbf37bf,37,5,15,63.26158108185624,-2.985020316102836,0.4225774225774226,,,0.8358816071820556,False,False,False
0143d3fe-79c2-4922-8332-62c3e4e0ba85:244,MRN,22e04698-b974-4805-b241-3b547dbf37bf,37,5,15,40.64398811896131,2.9703389099369453,0.1088911088911089,,,0.5871849669318024,False,False,False
0143d3fe-79c2-4922-8332-62c3e4e0ba85:249,MRN,22e04698-b974-4805-b241-3b547dbf37bf,37,5,15,58.40943534464961,3.345922994532976,0.23676323676323677,,,0.727400259315153,False,False,False
0143d3fe-79c2-4922-8332-62c3e4e0ba85:42,SNr,22e04698-b974-4805-b241-3b547dbf37bf,37,5,15,12.995720086856196,4.22465849647837,0.15784215784215785,,,0.6629140090678551,False,False,False
0143d3fe-79c2-4922-8332-62c3e4e0ba85:46,SNr,22e04698-b974-4805-b241-3b547dbf37bf,37,5,15,12.12752420324222,1.6717698221146557,0.2897102897102897,,,0.7571569534759719,False,False,False
04c9890f-2276-4c20-854f-305ff5c9b6cf:143,GRN,671c7ea7-6726-4fbe-adeb-f89c2c8e489b,26,4,7,22.231624412506907,-1.3319224592667678,0.4125874125874126,,,0.8358816071820556,False,False,False
04c9890f-2276-4c20-854f-305ff5c9b6cf:159,GRN,671c7ea7-6726-4fbe-adeb-f89c2c8e489b,26,4,7,39.07151801818155,1.5990102290672503,0.7272727272727273,,,0.9043456543456544,False,False,False
04c9890f-2276-4c20-854f-305ff5c9b6cf:187,GRN,671c7ea7-6726-4fbe-adeb-f89c2c8e489b,26,4,7,17.96609862317242,4.380200447077771,0.08791208791208792,,,0.5738806647897556,False,False,False
04c9890f-2276-4c20-854f-305ff5c9b6cf:191,GRN,671c7ea7-6726-4fbe-adeb-f89c2c8e489b,26,4,7,16.13535349125204,-1.5346103651615763,0.6633366633366633,,,0.902816033806449,False,False,False
04c9890f-2276-4c20-854f-305ff5c9b6cf:205,GRN,671c7ea7-6726-4fbe-adeb-f89c2c8e489b,26,4,7,44.24286491478894,-0.41127340898181775,0.6143856143856143,,,0.8957191457191458,False,False,False
04c9890f-2276-4c20-854f-305ff5c9b6cf:219,GRN,671c7ea7-6726-4fbe-adeb-f89c2c8e489b,26,4,7,18.26557833017636,0.7927158066546927,0.4995004995004995,,,0.8850013622740894,False,False,False
04c9890f-2276-4c20-854f-305ff5c9b6cf:264,GRN,671c7ea7-6726-4fbe-adeb-f89c2c8e489b,26,4,7,23.51765714673939,1.404485844511739,0.35764235764235763,,,0.7976735306578239,False,False,False
04c9890f-2276-4c20-854f-305ff5c9b6cf:279,GRN,671c7ea7-6726-4fbe-adeb-f89c2c8e489b,26,4,7,28.997225080721115,2.9434598345714518,0.07892107892107893,,,0.5511537642685185,False,False,False
04c9890f-2276-4c20-854f-305ff5c9b6cf:296,GRN,671c7ea7-6726-4fbe-adeb-f89c2c8e489b,26,4,7,41.168032992115045,-5.526439520209912,0.5394605394605395,,,0.8850013622740894,False,False,False
04c9890f-2276-4c20-854f-305ff5c9b6cf:302,GRN,671c7ea7-6726-4fbe-adeb-f89c2c8e489b,26,4,7,15.696884989656589,0.38860602180126413,0.9080919080919081,,,0.9741163359253813,False,False,False
04c9890f-2276-4c20-854f-305ff5c9b6cf:304,GRN,671c7ea7-6726-4fbe-adeb-f89c2c8e489b,26,4,7,32.81759537606681,4.082061697997243,0.15284715284715283,,,0.6629140090678551,False,False,False
04c9890f-2276-4c20-854f-305ff5c9b6cf:305,GRN,671c7ea7-6726-4fbe-adeb-f89c2c8e489b,26,4,7,33.19700280014976,-4.611390470912795,0.6073926073926074,,,0.8957191457191458,False,False,False
04c9890f-2276-4c20-854f-305ff5c9b6cf:318,GRN,671c7ea7-6726-4fbe-adeb-f89c2c8e489b,26,4,7,50.145950044255954,0.4885267302426044,0.942057942057942,,,0.98280137129058,False,False,False
04c9890f-2276-4c20-854f-305ff5c9b6cf:351,GRN,671c7ea7-6726-4fbe-adeb-f89c2c8e489b,26,4,7,26.86388835301788,-0.6923095461443083,0.8521478521478522,,,0.9500421249768509,False,False,False
04c9890f-2276-4c20-854f-305ff5c9b6cf:607,GRN,671c7ea7-6726-4fbe-adeb-f89c2c8e489b,26,4,7,16.807363825592297,-4.825824349522237,0.061938061938061936,,,0.4927703875072296,False,False,False
04c9890f-2276-4c20-854f-305ff5c9b6cf:715,GRN,671c7ea7-6726-4fbe-adeb-f89c2c8e489b,26,4,7,18.50608894318868,-9.046605589244324,0.0919080919080919,,,0.5797680580289276,False,False,False
04c9890f-2276-4c20-854f-305ff5c9b6cf:716,GRN,671c7ea7-6726-4fbe-adeb-f89c2c8e489b,26,4,7,19.642934782446467,-4.288360563794107,0.5984015984015985,,,0.8957191457191458,False,False,False
04c9890f-2276-4c20-854f-305ff5c9b6cf:753,GRN,671c7ea7-6726-4fbe-adeb-f89c2c8e489b,26,4,7,87.02641677811745,-8.402891116431974,0.6573426573426573,,,0.902816033806449,False,False,False
04c9890f-2276-4c20-854f-305ff5c9b6cf:782,GRN,671c7ea7-6726-4fbe-adeb-f89c2c8e489b,26,4,7,64.60875925005412,-0.8205775591635458,0.9500499500499501,,,0.98280137129058,False,False,False
04c9890f-2276-4c20-854f-305ff5c9b6cf:786,GRN,671c7ea7-6726-4fbe-adeb-f89c2c8e489b,26,4,7,58.501775023964576,-6.602206017619281,0.6873126873126874,,,0.9033900231505022,False,False,False
04c9890f-2276-4c20-854f-305ff5c9b6cf:798,GRN,671c7ea7-6726-4fbe-adeb-f89c2c8e489b,26,4,7,15.484561409595052,6.9116278611074655,0.2137862137862138,,,0.7005609774840544,False,False,False
04c9890f-2276-4c20-854f-305ff5c9b6cf:814,GRN,671c7ea7-6726-4fbe-adeb-f89c2c8e489b,26,4,7,13.818666916183291,-2.3633435644471295,0.5204795204795205,,,0.8850013622740894,False,False,False
04c9890f-2276-4c20-854f-305ff5c9b6cf:823,GRN,671c7ea7-6726-4fbe-adeb-f89c2c8e489b,26,4,7,12.370980576771908,1.9004294984268277,0.7412587412587412,,,0.9082974168688455,False,False,False
04c9890f-2276-4c20-854f-305ff5c9b6cf:870,GRN,671c7ea7-6726-4fbe-adeb-f89c2c8e489b,26,4,7,21.022068005359408,-4.690753485734055,0.6603396603396603,,,0.902816033806449,False,False,False
04c9890f-2276-4c20-854f-305ff5c9b6cf:877,GRN,671c7ea7-6726-4fbe-adeb-f89c2c8e489b,26,4,7,21.687577514480324,-0.4513344482545705,0.8531468531468531,,,0.9500421249768509,False,False,False
04c9890f-2276-4c20-854f-305ff5c9b6cf:884,GRN,671c7ea7-6726-4fbe-adeb-f89c2c8e489b,26,4,7,20.613734769861782,10.07218867640168,0.47952047952047955,,,0.8850013622740894,False,False,False
069c2674-80b0-44b4-a3d9-28337512967f:1005,MRN,35eeb752-8f4f-4040-9714-ba0f5b7ccdfe,117,28,30,14.71322245258435,1.4655641819040177,0.18581418581418582,6.776673906683653,3.578985984580042,0.6860553239863585,False,False,True
069c2674-80b0-44b4-a3d9-28337512967f:1086,SCm,35eeb752-8f4f-4040-9714-ba0f5b7ccdfe,117,28,30,36.06565705945446,0.8515820112431962,0.8181818181818182,-19.022135264415898,11.221176979011709,0.9369501466275661,False,False,False
069c2674-80b0-44b4-a3d9-28337512967f:1091,SCm,35eeb752-8f4f-4040-9714-ba0f5b7ccdfe,117,28,30,11.2083304382692,-0.7243092062616228,0.42157842157842157,1.6277305691510193,-5.323478759184091,0.8358816071820556,False,False,False
069c2674-80b0-44b4-a3d9-28337512967f:1093,SCm,35eeb752-8f4f-4040-9714-ba0f5b7ccdfe,117,28,30,10.29325581730952,1.7117089639335266,0.13586413586413587,10.721800798835048,2.683231218730344,0.6271623113728377,False,False,True
069c2674-80b0-44b4-a3d9-28337512967f:1136,SCm,35eeb752-8f4f-4040-9714-ba0f5b7ccdfe,117,28,30,10.01678751884247,2.1493013945566553,0.25774225774225773,7.385045475390235,2.12523351315342,0.7503549082496451,False,False,True
069c2674-80b0-44b4-a3d9-28337512967f:1147,SCm,35eeb752-8f4f-4040-9714-ba0f5b7ccdfe,117,28,30,10.156201312390984,-0.5290144934706724,0.7602397602397603,8.097413642178275,0.25206539896538516,0.9122877122877122,False,False,True
069c2674-80b0-44b4-a3d9-28337512967f:1162,SCm,35eeb752-8f4f-4040-9714-ba0f5b7ccdfe,117,28,30,25.0695566742516,-0.030187889692150804,0.98001998001998,3.693111657298857,1.6198811790086438,0.9869704763321784,False,False,True
069c2674-80b0-44b4-a3d9-28337512967f:1164,SCm,35eeb752-8f4f-4040-9714-ba0f5b7ccdfe,117,28,30,13.252516580704592,0.20929874788056857,0.8651348651348651,4.62332749301504,-1.6843987093750687,0.954786146495991,False,False,False
069c2674-80b0-44b4-a3d9-28337512967f:1198,SCm,35eeb752-8f4f-4040-9714-ba0f5b7ccdfe,117,28,30,28.99825809866852,-0.15692475921785043,0.8611388611388612,-1.4844002137593542,4.734789572272014,0.954786146495991,False,False,False
069c2674-80b0-44b4-a3d9-28337512967f:657,MRN,35eeb752-8f4f-4040-9714-ba0f5b7ccdfe,117,28,30,13.699002064109791,-0.19317795921894287,0.9090909090909091,-13.917973895006426,6.401291855624807,0.9741163359253813,False,False,False
069c2674-80b0-44b4-a3d9-28337512967f:686,MRN,35eeb752-8f4f-4040-9714-ba0f5b7ccdfe,117,28,30,11.35333931771586,-0.48585281627833554,0.27472527472527475,-2.2609293110910293,-1.5311634110958554,0.7527347652347652,False,False,True
069c2674-80b0-44b4-a3d9-28337512967f:710,MRN,35eeb752-8f4f-4040-9714-ba0f5b7ccdfe,117,28,30,19.2155832207851,1.6113699941162851,0.08791208791208792,0.1699396216754927,6.132715978892877,0.5738806647897556,False,False,True
069c2674-80b0-44b4-a3d9-28337512967f:742,MRN,35eeb752-8f4f-4040-9714-ba0f5b7ccdfe,117,28,30,13.548923592538632,0.29681596450772574,0.6213786213786214,1.5129701048407949,0.09673527634772228,0.8957191457191458,False,False,True
069c2674-80b0-44b4-a3d9-28337512967f:776,MRN,35eeb752-8f4f-4040-9714-ba0f5b7ccdfe,117,28,30,16.008433700337335,-0.6919068281427077,0.4935064935064935,-7.492079744006666,2.636374365873097,0.8850013622740894,False,False,False
069c2674-80b0-44b4-a3d9-28337512967f:829,MRN,35eeb752-8f4f-4040-9714-ba0f5b7ccdfe,117,28,30,13.709392215479305,0.4633478594145224,0.7602397602397603,-5.020174201550496,-2.432324126808137,0.9122877122877122,False,False,True
069c2674-80b0-44b4-a3d9-28337512967f:974,MRN,35eeb752-8f4f-4040-9714-ba0f5b7ccdfe,117,28,30,11.880208059413151,1.3406841998992052,0.35764235764235763,7.678651378029439,0.7327858973662913,0.7976735306578239,False,False,True
0a45a464-a909-4b7c-a3e0-cd6cfb4262e4:1254,MRN,14127fdb-2e66-4823-b124-f49c128ba94d,68,5,10,35.93055952935603,6.743497948952484,0.38961038961038963,,,0.8358816071820556,False,False,False
0a45a464-a909-4b7c-a3e0-cd6cfb4262e4:596,MRN,14127fdb-2e66-4823-b124-f49c128ba94d,68,5,10,37.73755308991132,-0.5321955651559378,0.9430569430569431,,,0.98280137129058,False,False,False
0a45a464-a909-4b7c-a3e0-cd6cfb4262e4:753,MRN,14127fdb-2e66-4823-b124-f49c128ba94d,68,5,10,15.968752375810498,-1.1201990084584423,0.6963036963036963,,,0.9033900231505022,False,False,False
0a45a464-a909-4b7c-a3e0-cd6cfb4262e4:757,MRN,14127fdb-2e66-4823-b124-f49c128ba94d,68,5,10,21.863476178869547,3.7517896028886035,0.3806193806193806,,,0.8315069545838776,False,False,False
0a45a464-a909-4b7c-a3e0-cd6cfb4262e4:768,MRN,14127fdb-2e66-4823-b124-f49c128ba94d,68,5,10,11.025352109723926,0.8874595900564337,0.7302697302697303,,,0.9043456543456544,False,False,False
0a45a464-a909-4b7c-a3e0-cd6cfb4262e4:773,MRN,14127fdb-2e66-4823-b124-f49c128ba94d,68,5,10,11.572422479748202,1.2669846844648234,0.7002997002997003,,,0.9033900231505022,False,False,False
0a45a464-a909-4b7c-a3e0-cd6cfb4262e4:779,MRN,14127fdb-2e66-4823-b124-f49c128ba94d,68,5,10,25.54498968539714,-1.1702221883300536,0.6953046953046953,,,0.9033900231505022,False,False,False
0a45a464-a909-4b7c-a3e0-cd6cfb4262e4:789,MRN,14127fdb-2e66-4823-b124-f49c128ba94d,68,5,10,11.54859921686348,8.339925100853003,0.04095904095904096,,,0.4703717335296283,True,False,False
0a45a464-a909-4b7c-a3e0-cd6cfb4262e4:796,MRN,14127fdb-2e66-4823-b124-f49c128ba94d,68,5,10,21.03902384548801,1.2562960293826428,0.6723276723276723,,,0.9033900231505022,False,False,False
0a45a464-a909-4b7c-a3e0-cd6cfb4262e4:803,MRN,14127fdb-2e66-4823-b124-f49c128ba94d,68,5,10,24.63285622285298,0.17058297659348298,0.9790209790209791,,,0.9869704763321784,False,False,False
0a45a464-a909-4b7c-a3e0-cd6cfb4262e4:805,MRN,14127fdb-2e66-4823-b124-f49c128ba94d,68,5,10,17.908738384019596,-1.5543254892150156,0.36363636363636365,,,0.802637776731041,False,False,False
0a45a464-a909-4b7c-a3e0-cd6cfb4262e4:817,MRN,14127fdb-2e66-4823-b124-f49c128ba94d,68,5,10,59.34327465277247,-2.4853388167652817,0.5434565434565435,,,0.8850013622740894,False,False,False
0a45a464-a909-4b7c-a3e0-cd6cfb4262e4:822,MRN,14127fdb-2e66-4823-b124-f49c128ba94d,68,5,10,19.905752442712814,4.575460160715619,0.1968031968031968,,,0.6898424156488673,False,False,False
0a45a464-a909-4b7c-a3e0-cd6cfb4262e4:923,SCm,14127fdb-2e66-4823-b124-f49c128ba94d,68,5,10,14.890438021600524,-2.524462519469381,0.4995004995004995,,,0.8850013622740894,False,False,False
0a45a464-a909-4b7c-a3e0-cd6cfb4262e4:931,SCm,14127fdb-2e66-4823-b124-f49c128ba94d,68,5,10,21.55485248146936,1.1852596062967624,0.6443556443556444,,,0.9027759126119781,False,False,False
0a45a464-a909-4b7c-a3e0-cd6cfb4262e4:936,SCm,14127fdb-2e66-4823-b124-f49c128ba94d,68,5,10,12.97892541609608,3.5614036621615783,0.027972027972027972,,,0.4255744255744256,True,False,False
0a45a464-a909-4b7c-a3e0-cd6cfb4262e4:949,SCm,14127fdb-2e66-4823-b124-f49c128ba94d,68,5,10,61.00224879270157,-1.685527790743734,0.5704295704295704,,,0.8957191457191458,False,False,False
0a45a464-a909-4b7c-a3e0-cd6cfb4262e4:958,SCm,14127fdb-2e66-4823-b124-f49c128ba94d,68,5,10,18.464379281116152,2.2501333025280656,0.14285714285714285,,,0.6273932253313697,False,False,False
0a45a464-a909-4b7c-a3e0-cd6cfb4262e4:969,SCm,14127fdb-2e66-4823-b124-f49c128ba94d,68,5,10,48.53178409455626,1.6229473750659569,0.6603396603396603,,,0.902816033806449,False,False,False
39883ded-f5a2-4f4f-a98e-fb138eb8433e:155,GRN,746d1902-fa59-4cab-b0aa-013be36060d5,20,2,4,25.196285448806304,14.48847216370011,0.21178821178821178,,,0.7005609774840544,False,False,False
39883ded-f5a2-4f4f-a98e-fb138eb8433e:161,GRN,746d1902-fa59-4cab-b0aa-013be36060d5,20,2,4,22.476563643072403,6.154900222612397,0.13986013986013987,,,0.6271623113728377,False,False,False
39883ded-f5a2-4f4f-a98e-fb138eb8433e:172,GRN,746d1902-fa59-4cab-b0aa-013be36060d5,20,2,4,12.16639605420377,-0.17371088293780712,0.972027972027972,,,0.9869704763321784,False,False,False
39883ded-f5a2-4f4f-a98e-fb138eb8433e:200,GRN,746d1902-fa59-4cab-b0aa-013be36060d5,20,2,4,27.116910799988855,-0.6834674263920133,0.4945054945054945,,,0.8850013622740894,False,False,False
39883ded-f5a2-4f4f-a98e-fb138eb8433e:203,GRN,746d1902-fa59-4cab-b0aa-013be36060d5,20,2,4,17.66080092006606,12.692437870637946,0.16583416583416583,,,0.6664656098618362,False,False,False
39883ded-f5a2-4f4f-a98e-fb138eb8433e:204,GRN,746d1902-fa59-4cab-b0aa-013be36060d5,20,2,4,17.65163549072166,3.0178462463310716,0.4255744255744256,,,0.8358816071820556,False,False,False
39883ded-f5a2-4f4f-a98e-fb138eb8433e:207,GRN,746d1902-fa59-4cab-b0aa-013be36060d5,20,2,4,98.54338356881948,6.306050076366159,0.26973026973026976,,,0.7510136921901628,False,False,False
39883ded-f5a2-4f4f-a98e-fb138eb8433e:212,GRN,746d1902-fa59-4cab-b0aa-013be36060d5,20,2,4,100.02932562954894,9.703495888887211,0.10589410589410589,,,0.5871849669318024,False,False,False
39883ded-f5a2-4f4f-a98e-fb138eb8433e:213,GRN,746d1902-fa59-4cab-b0aa-013be36060d5,20,2,4,10.386281160468496,-3.5961378676573994,0.23676323676323677,,,0.727400259315153,False,False,False
39883ded-f5a2-4f4f-a98e-fb138eb8433e:218,GRN,746d1902-fa59-4cab-b0aa-013be36060d5,20,2,4,49.0491788069028,-0.28645647549871445,0.7922077922077922,,,0.9218846548546821,False,False,False
39883ded-f5a2-4f4f-a98e-fb138eb8433e:264,GRN,746d1902-fa59-4cab-b0aa-013be36060d5,20,2,4,23.44047668349913,3.260444505314041,0.061938061938061936,,,0.4927703875072296,False,False,False
39883ded-f5a2-4f4f-a98e-fb138eb8433e:285,GRN,746d1902-fa59-4cab-b0aa-013be36060d5,20,2,4,37.52362304494906,0.12195464711870585,0.978021978021978,,,0.9869704763321784,False,False,False
39883ded-f5a2-4f4f-a98e-fb138eb8433e:306,GRN,746d1902-fa59-4cab-b0aa-013be36060d5,20,2,4,61.35862119001488,12.587411144577644,0.17482517482517482,,,0.6860553239863585,False,False,False
39883ded-f5a2-4f4f-a98e-fb138eb8433e:314,GRN,746d1902-fa59-4cab-b0aa-013be36060d5,20,2,4,17.583846323055518,4.898166633173037,0.5964035964035964,,,0.8957191457191458,False,False,False
39883ded-f5a2-4f4f-a98e-fb138eb8433e:317,IRN,746d1902-fa59-4cab-b0aa-013be36060d5,20,2,4,13.26671266775718,2.19641279330632,0.2177822177822178,,,0.702842611933521,False,False,False
39883ded-f5a2-4f4f-a98e-fb138eb8433e:325,IRN,746d1902-fa59-4cab-b0aa-013be36060d5,20,2,4,13.502274499204514,4.820427489330389,0.2897102897102897,,,0.7571569534759719,False,False,False
39883ded-f5a2-4f4f-a98e-fb138eb8433e:330,IRN,746d1902-fa59-4cab-b0aa-013be36060d5,20,2,4,16.988832186655095,-11.117466275303357,0.13486513486513488,,,0.6271623113728377,False,False,False
39883ded-f5a2-4f4f-a98e-fb138eb8433e:332,IRN,746d1902-fa59-4cab-b0aa-013be36060d5,20,2,4,59.13329616766383,4.862185272605862,0.054945054945054944,,,0.4927703875072296,False,False,False
39883ded-f5a2-4f4f-a98e-fb138eb8433e:333,IRN,746d1902-fa59-4cab-b0aa-013be36060d5,20,2,4,55.633338981259534,2.738387104253775,0.3276723276723277,,,0.7931159749341568,False,False,False
39883ded-f5a2-4f4f-a98e-fb138eb8433e:359,IRN,746d1902-fa59-4cab-b0aa-013be36060d5,20,2,4,19.26858031265855,-11.953679869984384,0.34565434565434566,,,0.7942538744677782,False,False,False
39883ded-f5a2-4f4f-a98e-fb138eb8433e:428,IRN,746d1902-fa59-4cab-b0aa-013be36060d5,20,2,4,10.278236379500107,-6.3991503462796,0.6393606393606394,,,0.9027759126119781,False,False,False
39883ded-f5a2-4f4f-a98e-fb138eb8433e:436,IRN,746d1902-fa59-4cab-b0aa-013be36060d5,20,2,4,17.926462828828143,-7.013953276732301,0.4275724275724276,,,0.8358816071820556,False,False,False
39883ded-f5a2-4f4f-a98e-fb138eb8433e:452,IRN,746d1902-fa59-4cab-b0aa-013be36060d5,20,2,4,14.228467732989074,1.8244921621613015,0.33966033966033965,,,0.7942538744677782,False,False,False
39883ded-f5a2-4f4f-a98e-fb138eb8433e:467,IRN,746d1902-fa59-4cab-b0aa-013be36060d5,20,2,4,40.04119226919607,-1.4755284661180443,0.7722277722277723,,,0.9158079489571201,False,False,False
39883ded-f5a2-4f4f-a98e-fb138eb8433e:488,IRN,746d1902-fa59-4cab-b0aa-013be36060d5,20,2,4,13.92657811610206,-6.234162754813055,0.06293706293706294,,,0.4927703875072296,False,False,False
39883ded-f5a2-4f4f-a98e-fb138eb8433e:571,IRN,746d1902-fa59-4cab-b0aa-013be36060d5,20,2,4,43.08821072038575,-2.104627474057649,0.3996003996003996,,,0.8358816071820556,False,False,False
39883ded-f5a2-4f4f-a98e-fb138eb8433e:587,IRN,746d1902-fa59-4cab-b0aa-013be36060d5,20,2,4,54.19060391233597,-8.944091572511258,0.3196803196803197,,,0.7900031003479279,False,False,False
39883ded-f5a2-4f4f-a98e-fb138eb8433e:60,GRN,746d1902-fa59-4cab-b0aa-013be36060d5,20,2,4,50.156237653601615,2.340393356451685,0.8771228771228772,,,0.9580880657803734,False,False,False
39883ded-f5a2-4f4f-a98e-fb138eb8433e:605,IRN,746d1902-fa59-4cab-b0aa-013be36060d5,20,2,4,25.545304425768137,12.64194501234671,0.1068931068931069,,,0.5871849669318024,False,False,False
39883ded-f5a2-4f4f-a98e-fb138eb8433e:703,IRN,746d1902-fa59-4cab-b0aa-013be36060d5,20,2,4,32.4064201997371,-8.28179760402705,0.1068931068931069,,,0.5871849669318024,False,False,False
39883ded-f5a2-4f4f-a98e-fb138eb8433e:726,IRN,746d1902-fa59-4cab-b0aa-013be36060d5,20,2,4,18.79437909807732,-0.514584763136277,0.9530469530469531,,,0.98280137129058,False,False,False
39883ded-f5a2-4f4f-a98e-fb138eb8433e:753,IRN,746d1902-fa59-4cab-b0aa-013be36060d5,20,2,4,16.063441509143342,-9.655989154785164,0.2547452547452547,,,0.7484239898033002,False,False,False
39883ded-f5a2-4f4f-a98e-fb138eb8433e:776,IRN,746d1902-fa59-4cab-b0aa-013be36060d5,20,2,4,39.87880314320631,12.05024504885401,0.18081918081918083,,,0.6860553239863585,False,False,False
39883ded-f5a2-4f4f-a98e-fb138eb8433e:81,GRN,746d1902-fa59-4cab-b0aa-013be36060d5,20,2,4,39.62373827474432,0.04655782909149808,0.9560439560439561,,,0.98280137129058,False,False,False
4037a618-e6ba-4142-a6d2-3e32ef25fd1b:242,IRN,c728f6fd-58e2-448d-aefb-a72c637b604c,19,5,0,13.773314492424412,,,,,,False,False,False
4037a618-e6ba-4142-a6d2-3e32ef25fd1b:250,IRN,c728f6fd-58e2-448d-aefb-a72c637b604c,19,5,0,51.04970302475744,,,,,,False,False,False
4037a618-e6ba-4142-a6d2-3e32ef25fd1b:255,IRN,c728f6fd-58e2-448d-aefb-a72c637b604c,19,5,0,17.361346448300022,,,,,,False,False,False
4037a618-e6ba-4142-a6d2-3e32ef25fd1b:277,IRN,c728f6fd-58e2-448d-aefb-a72c637b604c,19,5,0,23.891987482592096,,,,,,False,False,False
6a7544a8-d3d4-44a1-a9c6-7f4d460feaac:105,SNr,de905562-31c6-4c31-9ece-3ee87b97eab4,49,6,19,38.97975662381357,-2.917869182778725,0.11388611388611389,,,0.598956598956599,False,False,False
6a7544a8-d3d4-44a1-a9c6-7f4d460feaac:114,SNr,de905562-31c6-4c31-9ece-3ee87b97eab4,49,6,19,51.157224992218296,1.1126979285249954,0.12087912087912088,,,0.6130298273155416,False,False,False
6a7544a8-d3d4-44a1-a9c6-7f4d460feaac:129,SNr,de905562-31c6-4c31-9ece-3ee87b97eab4,49,6,19,21.235029244757307,-3.7105357017852647,0.03196803196803197,,,0.4255744255744256,True,False,False
6a7544a8-d3d4-44a1-a9c6-7f4d460feaac:64,SNr,de905562-31c6-4c31-9ece-3ee87b97eab4,49,6,19,36.42509212869453,-2.156349941477756,0.055944055944055944,,,0.4927703875072296,False,False,False
6a7544a8-d3d4-44a1-a9c6-7f4d460feaac:65,SNr,de905562-31c6-4c31-9ece-3ee87b97eab4,49,6,19,10.560738913901558,0.9611018078747753,0.3156843156843157,,,0.7864416285468918,False,False,False
6a7544a8-d3d4-44a1-a9c6-7f4d460feaac:87,SNr,de905562-31c6-4c31-9ece-3ee87b97eab4,49,6,19,31.01336142162355,-1.3574622431997874,0.2007992007992008,,,0.6898424156488673,False,False,False
703f2cd2-377a-48ec-979a-135863169671:121,SNr,4e560423-5caf-4cda-8511-d1ab4cd2bf7d,185,28,41,49.34115014873775,-1.4127327513341523,0.007992007992007992,-3.566293980063776,-4.700730982796081,0.2503378973967209,True,False,True
703f2cd2-377a-48ec-979a-135863169671:127,SNr,4e560423-5caf-4cda-8511-d1ab4cd2bf7d,185,28,41,47.238948984711975,-0.3386164203070079,0.35064935064935066,-3.1060873907371374,0.6424959365629732,0.7945565073224649,False,False,False
703f2cd2-377a-48ec-979a-135863169671:135,SNr,4e560423-5caf-4cda-8511-d1ab4cd2bf7d,185,28,41,43.01260793228644,0.29142500427019336,0.7452547452547452,-1.928963147657818,-3.0736341635902917,0.9082974168688455,False,False,True
703f2cd2-377a-48ec-979a-135863169671:37,SNr,4e560423-5caf-4cda-8511-d1ab4cd2bf7d,185,28,41,40.92750853414304,-2.3189985688634334,0.19480519480519481,-0.26140240792668834,-11.662538755267832,0.6898424156488673,False,False,True
703f2cd2-377a-48ec-979a-135863169671:51,SNr,4e560423-5caf-4cda-8511-d1ab4cd2bf7d,185,28,41,61.15008917520081,2.0512501602333906,0.34465534465534464,-2.658206486909954,0.7730201276428232,0.7942538744677782,False,False,False
703f2cd2-377a-48ec-979a-135863169671:87,SNr,4e560423-5caf-4cda-8511-d1ab4cd2bf7d,185,28,41,12.110666606160637,-2.5244364549463656,0.029970029970029972,-7.648300030961117,2.478071626667429,0.4255744255744256,True,False,False
703f2cd2-377a-48ec-979a-135863169671:88,SNr,4e560423-5caf-4cda-8511-d1ab4cd2bf7d,185,28,41,29.738872177860483,-1.426104421501324,0.03796203796203796,-1.9459349237608201,0.483368296965363,0.4492174492174492,True,False,False
80c7f589-733c-4f23-abf3-ade8c79f0a3b:452,IRN,283ecb4c-e529-409c-9f0a-8ea5191dcf50,108,29,13,45.568232947512406,-8.260640082135406,0.18981018981018982,,,0.6898424156488673,False,False,False
80c7f589-733c-4f23-abf3-ade8c79f0a3b:454,IRN,283ecb4c-e529-409c-9f0a-8ea5191dcf50,108,29,13,28.619463135723294,-15.271859799828782,0.000999000999000999,,,0.14185814185814186,True,False,False
88e148d2-d554-42c2-9c41-cc6369f98c45:453,MRN,7eeb8423-49e6-4d40-ab6f-703d17af231a,121,8,20,32.77648407369714,-3.4509435714314645,0.2007992007992008,,,0.6898424156488673,False,False,False
88e148d2-d554-42c2-9c41-cc6369f98c45:477,MRN,7eeb8423-49e6-4d40-ab6f-703d17af231a,121,8,20,36.33834264808359,-3.3101026876548065,0.4005994005994006,,,0.8358816071820556,False,False,False
88e148d2-d554-42c2-9c41-cc6369f98c45:546,MRN,7eeb8423-49e6-4d40-ab6f-703d17af231a,121,8,20,12.47033513321119,0.7761199157160368,0.5284715284715285,,,0.8850013622740894,False,False,False
88e148d2-d554-42c2-9c41-cc6369f98c45:585,MRN,7eeb8423-49e6-4d40-ab6f-703d17af231a,121,8,20,16.712111223339296,-0.9370143884576136,0.5194805194805194,,,0.8850013622740894,False,False,False
a44a9942-0667-4d49-9047-40d2256c9854:565,MRN,04749a70-ac63-477d-8392-d4d529184fab,39,4,8,51.78689641567661,4.229454969034645,0.45754245754245754,,,0.8624472872260482,False,False,False
a44a9942-0667-4d49-9047-40d2256c9854:598,MRN,04749a70-ac63-477d-8392-d4d529184fab,39,4,8,24.475899256345617,-6.294213584414962,0.18681318681318682,,,0.6860553239863585,False,False,False
a44a9942-0667-4d49-9047-40d2256c9854:688,MRN,04749a70-ac63-477d-8392-d4d529184fab,39,4,8,47.72862702045506,1.2955248759742997,0.2087912087912088,,,0.7005609774840544,False,False,False
a450558e-195f-44ff-979b-6b6420c9621b:1010,MRN,7235b10c-6621-44ea-abe9-01559633472d,24,7,10,30.437610406143325,-2.322056321062698,0.7292707292707292,,,0.9043456543456544,False,False,False
a450558e-195f-44ff-979b-6b6420c9621b:1012,MRN,7235b10c-6621-44ea-abe9-01559633472d,24,7,10,44.69732138335794,0.45508660771370435,0.7942057942057942,,,0.9218846548546821,False,False,False
a450558e-195f-44ff-979b-6b6420c9621b:1086,SCm,7235b10c-6621-44ea-abe9-01559633472d,24,7,10,62.39941011392293,-2.2898212456322984,0.2677322677322677,,,0.7503549082496451,False,False,False
a450558e-195f-44ff-979b-6b6420c9621b:1111,SCm,7235b10c-6621-44ea-abe9-01559633472d,24,7,10,12.944005362180029,-2.404375905830612,0.061938061938061936,,,0.4927703875072296,False,False,False
a450558e-195f-44ff-979b-6b6420c9621b:1132,SCm,7235b10c-6621-44ea-abe9-01559633472d,24,7,10,77.70735428736121,0.9603758849504889,0.6813186813186813,,,0.9033900231505022,False,False,False
a450558e-195f-44ff-979b-6b6420c9621b:1146,SCm,7235b10c-6621-44ea-abe9-01559633472d,24,7,10,10.34814277796987,-1.646981522891532,0.11888111888111888,,,0.6101609234139355,False,False,False
a450558e-195f-44ff-979b-6b6420c9621b:1168,SCm,7235b10c-6621-44ea-abe9-01559633472d,24,7,10,25.54497979788536,-0.6466048792926733,0.7982017982017982,,,0.9226545811911666,False,False,False
a450558e-195f-44ff-979b-6b6420c9621b:1171,SCm,7235b10c-6621-44ea-abe9-01559633472d,24,7,10,15.52940944891712,1.7396012739791624,0.4885114885114885,,,0.8850013622740894,False,False,False
a450558e-195f-44ff-979b-6b6420c9621b:1175,SCm,7235b10c-6621-44ea-abe9-01559633472d,24,7,10,33.40800228094114,0.8835411787527483,0.3756243756243756,,,0.8248246598762063,False,False,False
a450558e-195f-44ff-979b-6b6420c9621b:1183,SCm,7235b10c-6621-44ea-abe9-01559633472d,24,7,10,80.21259606125773,-4.308047435792789,0.3046953046953047,,,0.7726202369059512,False,False,False
a450558e-195f-44ff-979b-6b6420c9621b:1185,SCm,7235b10c-6621-44ea-abe9-01559633472d,24,7,10,46.60645988497488,-0.1344759776684823,0.9310689310689311,,,0.9769343956536074,False,False,False
a450558e-195f-44ff-979b-6b6420c9621b:1189,SCm,7235b10c-6621-44ea-abe9-01559633472d,24,7,10,41.44426705384748,1.6005913545544725,0.34865134865134867,,,0.7942538744677782,False,False,False
a450558e-195f-44ff-979b-6b6420c9621b:1193,SCm,7235b10c-6621-44ea-abe9-01559633472d,24,7,10,36.15367591319602,-1.1220020087436673,0.8281718281718282,,,0.9383010606414863,False,False,False
a450558e-195f-44ff-979b-6b6420c9621b:1198,SCm,7235b10c-6621-44ea-abe9-01559633472d,24,7,10,44.06293132225604,2.590820745337685,0.16183816183816183,,,0.6629140090678551,False,False,False
a450558e-195f-44ff-979b-6b6420c9621b:647,MRN,7235b10c-6621-44ea-abe9-01559633472d,24,7,10,16.916842287384412,5.970845331475612,0.07492507492507493,,,0.531968031968032,False,False,False
a450558e-195f-44ff-979b-6b6420c9621b:653,MRN,7235b10c-6621-44ea-abe9-01559633472d,24,7,10,14.595690402571458,-2.079821546178793,0.5484515484515484,,,0.8850013622740894,False,False,False
a450558e-195f-44ff-979b-6b6420c9621b:655,MRN,7235b10c-6621-44ea-abe9-01559633472d,24,7,10,20.69363471230197,0.9478876249564241,0.9100899100899101,,,0.9741163359253813,False,False,False
a450558e-195f-44ff-979b-6b6420c9621b:657,MRN,7235b10c-6621-44ea-abe9-01559633472d,24,7,10,24.634652250562382,1.9671597245398689,0.6073926073926074,,,0.8957191457191458,False,False,False
a450558e-195f-44ff-979b-6b6420c9621b:667,MRN,7235b10c-6621-44ea-abe9-01559633472d,24,7,10,13.128236895200274,-1.769253130340906,0.6083916083916084,,,0.8957191457191458,False,False,False
a450558e-195f-44ff-979b-6b6420c9621b:693,MRN,7235b10c-6621-44ea-abe9-01559633472d,24,7,10,31.012826819164616,2.835961247327553,0.05094905094905095,,,0.4927703875072296,False,False,False
a450558e-195f-44ff-979b-6b6420c9621b:694,MRN,7235b10c-6621-44ea-abe9-01559633472d,24,7,10,18.40856195936602,-0.3521300575478841,0.7762237762237763,,,0.9158079489571201,False,False,False
a450558e-195f-44ff-979b-6b6420c9621b:768,MRN,7235b10c-6621-44ea-abe9-01559633472d,24,7,10,18.049313891264365,0.8470781327566721,0.4005994005994006,,,0.8358816071820556,False,False,False
a450558e-195f-44ff-979b-6b6420c9621b:792,MRN,7235b10c-6621-44ea-abe9-01559633472d,24,7,10,13.835415763942192,5.193821302398354,0.2827172827172827,,,0.7527347652347652,False,False,False
a450558e-195f-44ff-979b-6b6420c9621b:793,MRN,7235b10c-6621-44ea-abe9-01559633472d,24,7,10,15.615251888321032,3.380508515550332,0.5194805194805194,,,0.8850013622740894,False,False,False
a450558e-195f-44ff-979b-6b6420c9621b:795,MRN,7235b10c-6621-44ea-abe9-01559633472d,24,7,10,22.89598724380129,-1.881676220730107,0.2677322677322677,,,0.7503549082496451,False,False,False
a450558e-195f-44ff-979b-6b6420c9621b:832,MRN,7235b10c-6621-44ea-abe9-01559633472d,24,7,10,19.45860034092033,-3.091030846065732,0.45254745254745254,,,0.8568231768231768,False,False,False
a450558e-195f-44ff-979b-6b6420c9621b:847,MRN,7235b10c-6621-44ea-abe9-01559633472d,24,7,10,21.415097092005883,1.8357123281905048,0.41358641358641357,,,0.8358816071820556,False,False,False
a450558e-195f-44ff-979b-6b6420c9621b:848,MRN,7235b10c-6621-44ea-abe9-01559633472d,24,7,10,36.21664565793137,-0.32103133068017,0.8451548451548452,,,0.9499629657941004,False,False,False
a450558e-195f-44ff-979b-6b6420c9621b:877,MRN,7235b10c-6621-44ea-abe9-01559633472d,24,7,10,23.563448108569087,0.4142924828737713,0.8241758241758241,,,0.9373986013986013,False,False,False
a450558e-195f-44ff-979b-6b6420c9621b:887,MRN,7235b10c-6621-44ea-abe9-01559633472d,24,7,10,27.199411419743097,0.19683877055266175,0.8701298701298701,,,0.9575424575424576,False,False,False
a450558e-195f-44ff-979b-6b6420c9621b:891,MRN,7235b10c-6621-44ea-abe9-01559633472d,24,7,10,48.72957947736419,0.7803851534973614,0.6183816183816184,,,0.8957191457191458,False,False,False
a450558e-195f-44ff-979b-6b6420c9621b:897,MRN,7235b10c-6621-44ea-abe9-01559633472d,24,7,10,52.09309278158823,-0.10475272176482109,0.9660339660339661,,,0.9845226543791138,False,False,False
a450558e-195f-44ff-979b-6b6420c9621b:904,MRN,7235b10c-6621-44ea-abe9-01559633472d,24,7,10,19.04720264753945,-0.8578845738708045,0.5804195804195804,,,0.8957191457191458,False,False,False
a450558e-195f-44ff-979b-6b6420c9621b:920,MRN,7235b10c-6621-44ea-abe9-01559633472d,24,7,10,18.96463563690497,7.2302865548660895,0.2547452547452547,,,0.7484239898033002,False,False,False
a450558e-195f-44ff-979b-6b6420c9621b:928,MRN,7235b10c-6621-44ea-abe9-01559633472d,24,7,10,40.99750722350564,1.2085743686108579,0.5794205794205795,,,0.8957191457191458,False,False,False
a450558e-195f-44ff-979b-6b6420c9621b:939,MRN,7235b10c-6621-44ea-abe9-01559633472d,24,7,10,36.57489546538664,0.8376343270303543,0.8091908091908092,,,0.9316629316629317,False,False,False
a450558e-195f-44ff-979b-6b6420c9621b:944,MRN,7235b10c-6621-44ea-abe9-01559633472d,24,7,10,14.043681394410292,6.233037128160737,0.23976023976023977,,,0.727400259315153,False,False,False
a450558e-195f-44ff-979b-6b6420c9621b:952,MRN,7235b10c-6621-44ea-abe9-01559633472d,24,7,10,141.19659876353504,2.683326568091645,0.5174825174825175,,,0.8850013622740894,False,False,False
a450558e-195f-44ff-979b-6b6420c9621b:960,MRN,7235b10c-6621-44ea-abe9-01559633472d,24,7,10,74.56233075723685,2.758109024196264,0.3226773226773227,,,0.7900031003479279,False,False,False
a450558e-195f-44ff-979b-6b6420c9621b:966,MRN,7235b10c-6621-44ea-abe9-01559633472d,24,7,10,15.123744809903023,2.662353787585726,0.6823176823176823,,,0.9033900231505022,False,False,False
a450558e-195f-44ff-979b-6b6420c9621b:968,MRN,7235b10c-6621-44ea-abe9-01559633472d,24,7,10,18.122774849901987,-0.3569147228675815,0.7082917082917083,,,0.9033900231505022,False,False,False
a450558e-195f-44ff-979b-6b6420c9621b:972,MRN,7235b10c-6621-44ea-abe9-01559633472d,24,7,10,18.727236679727223,0.8084610789119431,0.8541458541458542,,,0.9500421249768509,False,False,False
a450558e-195f-44ff-979b-6b6420c9621b:985,MRN,7235b10c-6621-44ea-abe9-01559633472d,24,7,10,35.27847883746838,-1.1550901818570587,0.5314685314685315,,,0.8850013622740894,False,False,False
a450558e-195f-44ff-979b-6b6420c9621b:992,MRN,7235b10c-6621-44ea-abe9-01559633472d,24,7,10,46.72940012510934,-0.597916325010285,0.8721278721278721,,,0.9575424575424576,False,False,False
a450558e-195f-44ff-979b-6b6420c9621b:993,MRN,7235b10c-6621-44ea-abe9-01559633472d,24,7,10,43.68571156413413,-2.872602597104692,0.24075924075924077,,,0.727400259315153,False,False,False
aecd7612-b5c5-4ad2-9e76-e5b783387e47:158,GRN,571d3ffe-54a5-473d-a265-5dc373eb7efc,52,14,6,69.97171421187446,4.255937491472899,0.030969030969030968,9.296180649213184,8.10124157858904,0.4255744255744256,True,False,True
aecd7612-b5c5-4ad2-9e76-e5b783387e47:16,GRN,571d3ffe-54a5-473d-a265-5dc373eb7efc,52,14,6,11.910623523459687,6.03893913627149,0.26573426573426573,15.610143535953934,13.532773829109502,0.7503549082496451,False,False,True
aecd7612-b5c5-4ad2-9e76-e5b783387e47:18,GRN,571d3ffe-54a5-473d-a265-5dc373eb7efc,52,14,6,21.578505234169487,3.9438425593728637,0.000999000999000999,1.536512985922581,17.27384318498167,0.14185814185814186,True,False,True
aecd7612-b5c5-4ad2-9e76-e5b783387e47:19,GRN,571d3ffe-54a5-473d-a265-5dc373eb7efc,52,14,6,33.26999429177358,1.8273747388761024,0.0939060939060939,4.536087274326448,5.386913186958054,0.5797680580289276,False,False,True
aecd7612-b5c5-4ad2-9e76-e5b783387e47:201,GRN,571d3ffe-54a5-473d-a265-5dc373eb7efc,52,14,6,12.357499030075994,5.26058523639651,0.025974025974025976,10.052367147576028,9.70467141699845,0.4255744255744256,True,False,True
aecd7612-b5c5-4ad2-9e76-e5b783387e47:31,GRN,571d3ffe-54a5-473d-a265-5dc373eb7efc,52,14,6,27.898725198143477,-4.966991770457786,0.015984015984015984,-14.327796283090816,1.5943568379212891,0.34045954045954047,True,False,False
aecd7612-b5c5-4ad2-9e76-e5b783387e47:56,GRN,571d3ffe-54a5-473d-a265-5dc373eb7efc,52,14,6,41.09149358293548,0.18044190806919147,0.951048951048951,-7.039382781901438,10.134834966650175,0.98280137129058,False,False,False
aecd7612-b5c5-4ad2-9e76-e5b783387e47:62,GRN,571d3ffe-54a5-473d-a265-5dc373eb7efc,52,14,6,13.367206377221711,-0.9782472833419013,0.5184815184815185,-8.84995506788993,6.613045287140061,0.8850013622740894,False,False,False
aecd7612-b5c5-4ad2-9e76-e5b783387e47:7,GRN,571d3ffe-54a5-473d-a265-5dc373eb7efc,52,14,6,25.805679952958343,1.7057083554426333,0.030969030969030968,0.7946149395527549,7.520811462764133,0.4255744255744256,True,False,True
aecd7612-b5c5-4ad2-9e76-e5b783387e47:84,GRN,571d3ffe-54a5-473d-a265-5dc373eb7efc,52,14,6,10.110428211258798,1.884695903562415,0.22877122877122877,2.5560980240779347,4.792873179737331,0.7219003219003218,False,False,True
aecd7612-b5c5-4ad2-9e76-e5b783387e47:88,GRN,571d3ffe-54a5-473d-a265-5dc373eb7efc,52,14,6,27.31376874219793,5.171954900463749,0.03696303696303696,7.546969024018452,19.382325751857408,0.4492174492174492,True,False,True
bdb2ec51-d948-4428-b2cc-2c6cd5bf5fe3:3,GRN,251ece37-7798-477c-8a06-2845d4aa270c,22,6,4,47.29986298682038,-2.357292489973715,0.6923076923076923,,,0.9033900231505022,False,False,False
cc72fdb7-92e8-47e6-9cea-94f27c0da2d8:0,GRN,c958919c-2e75-435d-845d-5b62190b520e,62,11,12,66.60550830865989,2.0714573382492247,0.7162837162837162,-11.974089689688213,-23.859881127887405,0.9043456543456544,False,False,True
cc72fdb7-92e8-47e6-9cea-94f27c0da2d8:10,GRN,c958919c-2e75-435d-845d-5b62190b520e,62,11,12,10.874805519848994,-3.6847403322773706,0.056943056943056944,1.5425547446217465,-8.278619983942702,0.4927703875072296,False,False,False
cc72fdb7-92e8-47e6-9cea-94f27c0da2d8:107,GRN,c958919c-2e75-435d-845d-5b62190b520e,62,11,12,34.99628309711346,1.4042524915178234,0.6613386613386614,-1.9563811915529996,-0.5965451207865584,0.902816033806449,False,False,True
cc72fdb7-92e8-47e6-9cea-94f27c0da2d8:128,GRN,c958919c-2e75-435d-845d-5b62190b520e,62,11,12,15.795141232513863,-0.2895026598332946,0.5764235764235764,-0.7784051403819436,0.5799649970474121,0.8957191457191458,False,False,False
cc72fdb7-92e8-47e6-9cea-94f27c0da2d8:139,GRN,c958919c-2e75-435d-845d-5b62190b520e,62,11,12,21.488514094946307,1.2444535489786868,0.34165834165834164,2.722658083947124,2.2642220732368443,0.7942538744677782,False,False,True
cc72fdb7-92e8-47e6-9cea-94f27c0da2d8:14,GRN,c958919c-2e75-435d-845d-5b62190b520e,62,11,12,14.133697429459655,-1.3421846650543205,0.2817182817182817,0.0669083943458908,2.1037676595480708,0.7527347652347652,False,False,True
cc72fdb7-92e8-47e6-9cea-94f27c0da2d8:150,GRN,c958919c-2e75-435d-845d-5b62190b520e,62,11,12,25.238623622122333,-1.009306685970114,0.5024975024975025,-2.0488118149291132,2.028111410693228,0.8850013622740894,False,False,False
cc72fdb7-92e8-47e6-9cea-94f27c0da2d8:156,GRN,c958919c-2e75-435d-845d-5b62190b520e,62,11,12,18.1496279199889,3.937902775515357,0.23776223776223776,9.731651951345402,3.6046954837175864,0.727400259315153,False,False,True
cc72fdb7-92e8-47e6-9cea-94f27c0da2d8:162,GRN,c958919c-2e75-435d-845d-5b62190b520e,62,11,12,16.146276491824665,1.3931959643870817,0.34065934065934067,5.878899994605982,-0.437143610854525,0.7942538744677782,False,False,False
cc72fdb7-92e8-47e6-9cea-94f27c0da2d8:17,GRN,c958919c-2e75-435d-845d-5b62190b520e,62,11,12,22.108668971040856,-7.799946592404687,0.04795204795204795,-14.505668394447687,-18.22035537359939,0.48495690356155474,True,False,True
cc72fdb7-92e8-47e6-9cea-94f27c0da2d8:190,GRN,c958919c-2e75-435d-845d-5b62190b520e,62,11,12,44.03978790191149,5.5385254978539775,0.003996003996003996,13.74297607448569,9.222029696334467,0.23643023643023645,True,False,True
cc72fdb7-92e8-47e6-9cea-94f27c0da2d8:224,GRN,c958919c-2e75-435d-845d-5b62190b520e,62,11,12,11.56083854344486,3.2297169322534214,0.04795204795204795,10.830244572867576,7.72473649663444,0.48495690356155474,True,False,True
cc72fdb7-92e8-47e6-9cea-94f27c0da2d8:23,GRN,c958919c-2e75-435d-845d-5b62190b520e,62,11,12,11.631145809264458,2.436443349531232,0.11188811188811189,10.550774330025861,4.134342083319106,0.5958041958041959,False,False,True
cc72fdb7-92e8-47e6-9cea-94f27c0da2d8:24,GRN,c958919c-2e75-435d-845d-5b62190b520e,62,11,12,44.97892170604354,-1.0459548389171633,0.6453546453546454,13.115432893623748,0.07181120475296154,0.9027759126119781,False,False,True
cc72fdb7-92e8-47e6-9cea-94f27c0da2d8:281,GRN,c958919c-2e75-435d-845d-5b62190b520e,62,11,12,14.833999942361991,3.792281604846882,0.11888111888111888,17.120859193771803,4.834179285564634,0.6101609234139355,False,False,True
cc72fdb7-92e8-47e6-9cea-94f27c0da2d8:3,GRN,c958919c-2e75-435d-845d-5b62190b520e,62,11,12,12.855156270343947,0.39394375266882875,0.8401598401598401,-7.551489901156073,-4.867455822935189,0.9468468039896611,False,False,True
cc72fdb7-92e8-47e6-9cea-94f27c0da2d8:34,GRN,c958919c-2e75-435d-845d-5b62190b520e,62,11,12,41.2505167573428,2.690987873166649,0.17682317682317683,10.200844057027773,8.779525107696802,0.6860553239863585,False,False,True
cc72fdb7-92e8-47e6-9cea-94f27c0da2d8:379,GRN,c958919c-2e75-435d-845d-5b62190b520e,62,11,12,15.943043304024544,-1.9950054464575935,0.5174825174825175,8.053334039024143,2.583280105288609,0.8850013622740894,False,False,True
cc72fdb7-92e8-47e6-9cea-94f27c0da2d8:39,GRN,c958919c-2e75-435d-845d-5b62190b520e,62,11,12,10.780632627365843,-0.8291010626789745,0.3006993006993007,-2.0241345706149616,1.0399471728596232,0.7670533059754616,False,False,False
cc72fdb7-92e8-47e6-9cea-94f27c0da2d8:4,GRN,c958919c-2e75-435d-845d-5b62190b520e,62,11,12,16.98906470534216,-1.9616618956793026,0.4165834165834166,7.785725531717601,-1.278491033414669,0.8358816071820556,False,False,False
cc72fdb7-92e8-47e6-9cea-94f27c0da2d8:41,GRN,c958919c-2e75-435d-845d-5b62190b520e,62,11,12,17.97522270860414,-2.9248155317482185,0.1848151848151848,2.1333105533190917,-1.2088228296924513,0.6860553239863585,False,False,False
cc72fdb7-92e8-47e6-9cea-94f27c0da2d8:45,GRN,c958919c-2e75-435d-845d-5b62190b520e,62,11,12,31.986085424413652,3.3915391030534576,0.13086913086913088,11.6603337886874,2.92449227908838,0.6264073005646039,False,False,True
cc72fdb7-92e8-47e6-9cea-94f27c0da2d8:480,GRN,c958919c-2e75-435d-845d-5b62190b520e,62,11,12,30.390200805504342,-2.1301809177644486,0.005994005994005994,-4.493949363666815,-6.841707161513721,0.2503378973967209,True,False,True
cc72fdb7-92e8-47e6-9cea-94f27c0da2d8:484,GRN,c958919c-2e75-435d-845d-5b62190b520e,62,11,12,33.293306479703496,0.4779814533541866,0.4155844155844156,2.0772533633926002,2.6908826455723514,0.8358816071820556,False,False,True
cc72fdb7-92e8-47e6-9cea-94f27c0da2d8:505,GRN,c958919c-2e75-435d-845d-5b62190b520e,62,11,12,28.790319118706567,-5.814330637925199,0.0979020979020979,0.791645139929205,-1.094275819139309,0.5871849669318024,False,False,False
cc72fdb7-92e8-47e6-9cea-94f27c0da2d8:510,GRN,c958919c-2e75-435d-845d-5b62190b520e,62,11,12,10.931179097364566,5.638352461293614,0.00999000999000999,-0.8167473979254112,10.538025723558645,0.2503378973967209,True,False,False
cc72fdb7-92e8-47e6-9cea-94f27c0da2d8:519,GRN,c958919c-2e75-435d-845d-5b62190b520e,62,11,12,33.65534963790416,-1.198383126280372,0.6373626373626373,-4.852363650297079,-1.1051902209262927,0.9027759126119781,False,False,True
cc72fdb7-92e8-47e6-9cea-94f27c0da2d8:525,GRN,c958919c-2e75-435d-845d-5b62190b520e,62,11,12,28.627243704324734,-0.39223020573898104,0.6833166833166833,0.6903458040860464,1.4342257802125893,0.9033900231505022,False,False,True
cc72fdb7-92e8-47e6-9cea-94f27c0da2d8:551,GRN,c958919c-2e75-435d-845d-5b62190b520e,62,11,12,26.556658644350936,-3.031922811874222,0.5624375624375625,-13.749920831471073,-8.518762733003555,0.8957191457191458,False,False,True
cc72fdb7-92e8-47e6-9cea-94f27c0da2d8:572,GRN,c958919c-2e75-435d-845d-5b62190b520e,62,11,12,11.729507726918524,-1.1725068262657885,0.15784215784215785,-0.6903725506628948,1.3679895433904203,0.6629140090678551,False,False,False
cc72fdb7-92e8-47e6-9cea-94f27c0da2d8:575,GRN,c958919c-2e75-435d-845d-5b62190b520e,62,11,12,16.037438877231736,-0.09708745704426391,0.9600399600399601,1.3285825808873462,0.12044101951188146,0.98280137129058,False,False,True
cc72fdb7-92e8-47e6-9cea-94f27c0da2d8:578,GRN,c958919c-2e75-435d-845d-5b62190b520e,62,11,12,40.75141255178679,-0.9267233091957099,0.3306693306693307,-7.066059537962694,-2.7847988417873637,0.7942538744677782,False,False,True
cc72fdb7-92e8-47e6-9cea-94f27c0da2d8:62,GRN,c958919c-2e75-435d-845d-5b62190b520e,62,11,12,60.55301918342078,1.6100506513677093,0.5434565434565435,0.10519845450670573,0.7471677325204027,0.8850013622740894,False,False,True
cc72fdb7-92e8-47e6-9cea-94f27c0da2d8:65,GRN,c958919c-2e75-435d-845d-5b62190b520e,62,11,12,19.157615432549445,-0.07583686945632895,0.9590409590409591,3.655939557181515,3.6170695842927962,0.98280137129058,False,False,True
cc72fdb7-92e8-47e6-9cea-94f27c0da2d8:68,GRN,c958919c-2e75-435d-845d-5b62190b520e,62,11,12,13.074771346298782,0.29678789945438666,0.6103896103896104,1.0180996810330374,0.37795888003591394,0.8957191457191458,False,False,True
cc72fdb7-92e8-47e6-9cea-94f27c0da2d8:75,GRN,c958919c-2e75-435d-845d-5b62190b520e,62,11,12,50.4287736322089,0.35925863454999707,0.7432567432567433,0.567245439711904,0.0211467786806665,0.9082974168688455,False,False,True
cc72fdb7-92e8-47e6-9cea-94f27c0da2d8:80,GRN,c958919c-2e75-435d-845d-5b62190b520e,62,11,12,62.99678295745337,3.1626808304520324,0.2967032967032967,1.2894239123042723,2.2211007667836142,0.7614193035879783,False,False,True
cc72fdb7-92e8-47e6-9cea-94f27c0da2d8:87,GRN,c958919c-2e75-435d-845d-5b62190b520e,62,11,12,36.500712048705246,-1.9758581903713637,0.1088911088911089,6.7870754711622325,0.644927021494965,0.5871849669318024,False,False,True
cc72fdb7-92e8-47e6-9cea-94f27c0da2d8:93,GRN,c958919c-2e75-435d-845d-5b62190b520e,62,11,12,19.299441855828032,-0.5683289492327553,0.7022977022977023,-1.1203758840921516,1.117237511725616,0.9033900231505022,False,False,False
cc72fdb7-92e8-47e6-9cea-94f27c0da2d8:97,GRN,c958919c-2e75-435d-845d-5b62190b520e,62,11,12,41.365011462186985,0.35988589171767105,0.5424575424575424,-0.3015356557170463,0.3749468245675729,0.8850013622740894,False,False,False
ce24bbe9-ae70-4659-9e9c-564d1a865de8:173,GRN,56b57c38-2699-4091-90a8-aba35103155e,23,3,5,23.74185294735557,2.0305588871094855,0.6053946053946054,,,0.8957191457191458,False,False,False
ce24bbe9-ae70-4659-9e9c-564d1a865de8:174,GRN,56b57c38-2699-4091-90a8-aba35103155e,23,3,5,22.043546567948265,-1.7760251500548154,0.6223776223776224,,,0.8957191457191458,False,False,False
ce24bbe9-ae70-4659-9e9c-564d1a865de8:175,GRN,56b57c38-2699-4091-90a8-aba35103155e,23,3,5,17.36700163996882,2.7534626512739138,0.6413586413586414,,,0.9027759126119781,False,False,False
ce24bbe9-ae70-4659-9e9c-564d1a865de8:176,GRN,56b57c38-2699-4091-90a8-aba35103155e,23,3,5,22.36140305757275,-2.3360423769181624,0.1928071928071928,,,0.6898424156488673,False,False,False
ce24bbe9-ae70-4659-9e9c-564d1a865de8:177,GRN,56b57c38-2699-4091-90a8-aba35103155e,23,3,5,37.930984369420415,-0.8090868782383445,0.7522477522477522,,,0.9102229215543663,False,False,False
ce24bbe9-ae70-4659-9e9c-564d1a865de8:203,GRN,56b57c38-2699-4091-90a8-aba35103155e,23,3,5,17.859454666104874,2.537968617904287,0.43656343656343655,,,0.8358816071820556,False,False,False
ce24bbe9-ae70-4659-9e9c-564d1a865de8:230,GRN,56b57c38-2699-4091-90a8-aba35103155e,23,3,5,47.39247337529299,-4.694282757944529,0.16183816183816183,,,0.6629140090678551,False,False,False
ce24bbe9-ae70-4659-9e9c-564d1a865de8:233,GRN,56b57c38-2699-4091-90a8-aba35103155e,23,3,5,26.876342091602783,-0.14059686892449896,0.983016983016983,,,0.9876538555783839,False,False,False
ce24bbe9-ae70-4659-9e9c-564d1a865de8:237,GRN,56b57c38-2699-4091-90a8-aba35103155e,23,3,5,27.13464813859117,2.4022664155597315,0.5994005994005994,,,0.8957191457191458,False,False,False
ce24bbe9-ae70-4659-9e9c-564d1a865de8:246,GRN,56b57c38-2699-4091-90a8-aba35103155e,23,3,5,22.03834826939098,-3.945897408047816,0.07392607392607392,,,0.531968031968032,False,False,False
ce24bbe9-ae70-4659-9e9c-564d1a865de8:268,GRN,56b57c38-2699-4091-90a8-aba35103155e,23,3,5,22.197318850864843,3.5347839975657838,0.5704295704295704,,,0.8957191457191458,False,False,False
ce24bbe9-ae70-4659-9e9c-564d1a865de8:269,GRN,56b57c38-2699-4091-90a8-aba35103155e,23,3,5,14.841945522296829,-1.6117357243568748,0.6733266733266733,,,0.9033900231505022,False,False,False
ce24bbe9-ae70-4659-9e9c-564d1a865de8:272,GRN,56b57c38-2699-4091-90a8-aba35103155e,23,3,5,34.419309582109115,3.6170090787621962,0.3856143856143856,,,0.8338666409732399,False,False,False
ce24bbe9-ae70-4659-9e9c-564d1a865de8:273,GRN,56b57c38-2699-4091-90a8-aba35103155e,23,3,5,47.71326813448682,0.6741725362343054,0.9210789210789211,,,0.975758732582554,False,False,False
ce24bbe9-ae70-4659-9e9c-564d1a865de8:287,GRN,56b57c38-2699-4091-90a8-aba35103155e,23,3,5,16.577903531404235,-1.2395147765539853,0.5034965034965035,,,0.8850013622740894,False,False,False
ce24bbe9-ae70-4659-9e9c-564d1a865de8:290,GRN,56b57c38-2699-4091-90a8-aba35103155e,23,3,5,10.594661637900998,11.768606303597446,0.008991008991008992,,,0.2503378973967209,True,False,False
ce24bbe9-ae70-4659-9e9c-564d1a865de8:295,GRN,56b57c38-2699-4091-90a8-aba35103155e,23,3,5,35.29716779389355,0.5410372721957408,0.916083916083916,,,0.975758732582554,False,False,False
ce24bbe9-ae70-4659-9e9c-564d1a865de8:297,GRN,56b57c38-2699-4091-90a8-aba35103155e,23,3,5,72.7016009056087,-10.24905515604863,0.14185814185814186,,,0.6273932253313697,False,False,False
ce24bbe9-ae70-4659-9e9c-564d1a865de8:300,GRN,56b57c38-2699-4091-90a8-aba35103155e,23,3,5,22.61459830193475,2.943151740674681,0.7082917082917083,,,0.9033900231505022,False,False,False
ce24bbe9-ae70-4659-9e9c-564d1a865de8:301,GRN,56b57c38-2699-4091-90a8-aba35103155e,23,3,5,25.05183419970512,2.868056626645345,0.058941058941058944,,,0.4927703875072296,False,False,False
ce24bbe9-ae70-4659-9e9c-564d1a865de8:304,GRN,56b57c38-2699-4091-90a8-aba35103155e,23,3,5,21.292660897908927,-1.9974397854646038,0.8211788211788211,,,0.9373986013986013,False,False,False
ce24bbe9-ae70-4659-9e9c-564d1a865de8:310,GRN,56b57c38-2699-4091-90a8-aba35103155e,23,3,5,41.19166063092925,6.491341009062557,0.00999000999000999,,,0.2503378973967209,True,False,False
ce24bbe9-ae70-4659-9e9c-564d1a865de8:334,GRN,56b57c38-2699-4091-90a8-aba35103155e,23,3,5,15.645908833736565,-4.370002867624436,0.22877122877122877,,,0.7219003219003218,False,False,False
ce24bbe9-ae70-4659-9e9c-564d1a865de8:350,GRN,56b57c38-2699-4091-90a8-aba35103155e,23,3,5,40.66036783453006,-2.621066443120248,0.27372627372627373,,,0.7527347652347652,False,False,False
ce24bbe9-ae70-4659-9e9c-564d1a865de8:351,GRN,56b57c38-2699-4091-90a8-aba35103155e,23,3,5,14.846749455870157,4.639063770550883,0.3146853146853147,,,0.7864416285468918,False,False,False
ce24bbe9-ae70-4659-9e9c-564d1a865de8:360,GRN,56b57c38-2699-4091-90a8-aba35103155e,23,3,5,25.551953306790622,-0.44441079164603225,0.7262737262737263,,,0.9043456543456544,False,False,False
ce24bbe9-ae70-4659-9e9c-564d1a865de8:362,GRN,56b57c38-2699-4091-90a8-aba35103155e,23,3,5,23.495260469662725,-9.22618811305935,0.2137862137862138,,,0.7005609774840544,False,False,False
ce24bbe9-ae70-4659-9e9c-564d1a865de8:383,GRN,56b57c38-2699-4091-90a8-aba35103155e,23,3,5,11.946361024848471,-20.304267942765662,0.5294705294705294,,,0.8850013622740894,False,False,False
ce24bbe9-ae70-4659-9e9c-564d1a865de8:386,GRN,56b57c38-2699-4091-90a8-aba35103155e,23,3,5,23.404168478789416,-6.61964065736543,0.17882117882117882,,,0.6860553239863585,False,False,False
ce24bbe9-ae70-4659-9e9c-564d1a865de8:388,GRN,56b57c38-2699-4091-90a8-aba35103155e,23,3,5,23.451859398274724,-2.1778343016499218,0.29270729270729273,,,0.7603250408128458,False,False,False
ce24bbe9-ae70-4659-9e9c-564d1a865de8:398,GRN,56b57c38-2699-4091-90a8-aba35103155e,23,3,5,49.22645028107082,-0.722062856404996,0.9270729270729271,,,0.9769343956536074,False,False,False
ce24bbe9-ae70-4659-9e9c-564d1a865de8:399,GRN,56b57c38-2699-4091-90a8-aba35103155e,23,3,5,27.31364372829288,-4.499295897669747,0.4805194805194805,,,0.8850013622740894,False,False,False
ce24bbe9-ae70-4659-9e9c-564d1a865de8:408,GRN,56b57c38-2699-4091-90a8-aba35103155e,23,3,5,23.880445829632688,1.6074206583239246,0.6463536463536463,,,0.9027759126119781,False,False,False
ce24bbe9-ae70-4659-9e9c-564d1a865de8:412,GRN,56b57c38-2699-4091-90a8-aba35103155e,23,3,5,47.853306137716224,0.6229037696176469,0.948051948051948,,,0.98280137129058,False,False,False
ce24bbe9-ae70-4659-9e9c-564d1a865de8:421,GRN,56b57c38-2699-4091-90a8-aba35103155e,23,3,5,14.088221732316894,-2.618695977115241,0.5104895104895105,,,0.8850013622740894,False,False,False
ce24bbe9-ae70-4659-9e9c-564d1a865de8:425,GRN,56b57c38-2699-4091-90a8-aba35103155e,23,3,5,41.70473638311993,-5.695146479910342,0.5824175824175825,,,0.8957191457191458,False,False,False
ce24bbe9-ae70-4659-9e9c-564d1a865de8:427,GRN,56b57c38-2699-4091-90a8-aba35103155e,23,3,5,48.10694236330184,1.993962946381692,0.5274725274725275,,,0.8850013622740894,False,False,False
d14f70e6-bf7b-4d6d-a380-bfd0a46ed7a1:109,MRN,5522ac4b-0e41-4c53-836a-aaa17e82b9eb,43,8,14,13.037399785769589,1.6681863412415288,0.08591408591408592,3.555498042455877,2.7014395265278246,0.5738806647897556,False,False,True
d14f70e6-bf7b-4d6d-a380-bfd0a46ed7a1:182,MRN,5522ac4b-0e41-4c53-836a-aaa17e82b9eb,43,8,14,19.099214610194583,1.0742375562614592,0.017982017982017984,1.7952548412643061,4.346997736472389,0.3647780790637934,True,False,True
d14f70e6-bf7b-4d6d-a380-bfd0a46ed7a1:185,MRN,5522ac4b-0e41-4c53-836a-aaa17e82b9eb,43,8,14,42.19075304993106,1.6484083656674877,0.3226773226773227,2.277861905414383,1.7403142735115154,0.7900031003479279,False,False,True
d14f70e6-bf7b-4d6d-a380-bfd0a46ed7a1:188,MRN,5522ac4b-0e41-4c53-836a-aaa17e82b9eb,43,8,14,49.95794813279524,2.5072920893270094,0.12687312687312688,-0.9234307876095329,1.8269037443430847,0.6264073005646039,False,False,False
d14f70e6-bf7b-4d6d-a380-bfd0a46ed7a1:313,SCm,5522ac4b-0e41-4c53-836a-aaa17e82b9eb,43,8,14,30.79219801290636,-0.8134920861901018,0.34865134865134867,-2.416977624974919,-2.715799602460013,0.7942538744677782,False,False,True
d14f70e6-bf7b-4d6d-a380-bfd0a46ed7a1:331,SCm,5522ac4b-0e41-4c53-836a-aaa17e82b9eb,43,8,14,24.63761530707612,2.962157818005581,0.00999000999000999,6.895356016666057,10.986601261361603,0.2503378973967209,True,False,True
d14f70e6-bf7b-4d6d-a380-bfd0a46ed7a1:334,SCm,5522ac4b-0e41-4c53-836a-aaa17e82b9eb,43,8,14,56.34454499407628,-8.2803562631107,0.19880119880119881,-12.434286744450155,-31.73957740548948,0.6898424156488673,False,False,True
d14f70e6-bf7b-4d6d-a380-bfd0a46ed7a1:388,SCm,5522ac4b-0e41-4c53-836a-aaa17e82b9eb,43,8,14,58.89498944844164,-1.6924164670615864,0.35564435564435565,-4.656666698556371,-7.910606319535205,0.7976735306578239,False,False,True
d14f70e6-bf7b-4d6d-a380-bfd0a46ed7a1:426,SCm,5522ac4b-0e41-4c53-836a-aaa17e82b9eb,43,8,14,13.959388525766414,-0.9619380076267356,0.34465534465534464,-3.3454767382036223,9.864656125554689,0.7942538744677782,False,False,False
d14f70e6-bf7b-4d6d-a380-bfd0a46ed7a1:427,SCm,5522ac4b-0e41-4c53-836a-aaa17e82b9eb,43,8,14,43.71307913982028,0.7119432969912913,0.5264735264735265,-1.9450537900144411,0.4101542481917235,0.8850013622740894,False,False,False
d14f70e6-bf7b-4d6d-a380-bfd0a46ed7a1:453,SCm,5522ac4b-0e41-4c53-836a-aaa17e82b9eb,43,8,14,10.010596491821806,2.349706562888871,0.04695304695304695,6.482393261761841,7.581399503413751,0.48495690356155474,True,False,True
d14f70e6-bf7b-4d6d-a380-bfd0a46ed7a1:460,SCm,5522ac4b-0e41-4c53-836a-aaa17e82b9eb,43,8,14,22.814839876295878,0.5098741567195841,0.6553446553446554,0.41259314684654314,3.7248411997092674,0.902816033806449,False,False,True
d14f70e6-bf7b-4d6d-a380-bfd0a46ed7a1:470,SCm,5522ac4b-0e41-4c53-836a-aaa17e82b9eb,43,8,14,50.25981518084345,-2.633587514483663,0.06493506493506493,-14.689614690795345,7.733073103626246,0.4927703875072296,False,False,False
d14f70e6-bf7b-4d6d-a380-bfd0a46ed7a1:475,SCm,5522ac4b-0e41-4c53-836a-aaa17e82b9eb,43,8,14,20.40390404792695,0.7983732474646461,0.24575424575424576,0.5428547979185758,-0.11458415023447088,0.7372627372627373,False,False,False
d14f70e6-bf7b-4d6d-a380-bfd0a46ed7a1:478,SCm,5522ac4b-0e41-4c53-836a-aaa17e82b9eb,43,8,14,34.99868243331269,0.7518399256016295,0.7082917082917083,-0.7012394058945048,11.978470488620552,0.9033900231505022,False,False,False
d14f70e6-bf7b-4d6d-a380-bfd0a46ed7a1:481,SCm,5522ac4b-0e41-4c53-836a-aaa17e82b9eb,43,8,14,63.507732995046425,4.798897155401413,0.03496503496503497,8.165368688447373,15.779745228934473,0.43809132044426163,True,False,True
d14f70e6-bf7b-4d6d-a380-bfd0a46ed7a1:502,SCm,5522ac4b-0e41-4c53-836a-aaa17e82b9eb,43,8,14,21.59827467911883,0.9487938802858,0.6443556443556444,-3.6993509250570433,15.710077278339678,0.9027759126119781,False,False,False
d14f70e6-bf7b-4d6d-a380-bfd0a46ed7a1:511,SCm,5522ac4b-0e41-4c53-836a-aaa17e82b9eb,43,8,14,73.53785057194975,-2.280331512031915,0.16783216783216784,-9.961925385186476,-3.296255334561181,0.6681916214626495,False,False,True
d14f70e6-bf7b-4d6d-a380-bfd0a46ed7a1:52,MRN,5522ac4b-0e41-4c53-836a-aaa17e82b9eb,43,8,14,62.66994599124379,-3.7939203817764664,0.5694305694305695,-2.6126638568028824,-19.23448545617432,0.8957191457191458,False,False,True
d14f70e6-bf7b-4d6d-a380-bfd0a46ed7a1:53,MRN,5522ac4b-0e41-4c53-836a-aaa17e82b9eb,43,8,14,37.21740069066319,2.4527758229559,0.057942057942057944,3.6653405609761904,9.965603797600131,0.4927703875072296,False,False,True
d14f70e6-bf7b-4d6d-a380-bfd0a46ed7a1:535,SCm,5522ac4b-0e41-4c53-836a-aaa17e82b9eb,43,8,14,21.10821769814321,3.0121080504186075,0.5984015984015985,-9.643523454876348,14.140000448415392,0.8957191457191458,False,False,False
d14f70e6-bf7b-4d6d-a380-bfd0a46ed7a1:56,MRN,5522ac4b-0e41-4c53-836a-aaa17e82b9eb,43,8,14,22.1641291760008,0.8457052847874111,0.46853146853146854,-5.416477741853509,11.04969493158643,0.8792705092264563,False,False,False
d14f70e6-bf7b-4d6d-a380-bfd0a46ed7a1:61,MRN,5522ac4b-0e41-4c53-836a-aaa17e82b9eb,43,8,14,92.16524466257884,4.182383147919461,0.10589410589410589,11.921540119404682,-0.7099899857248744,0.5871849669318024,False,False,False
d14f70e6-bf7b-4d6d-a380-bfd0a46ed7a1:64,MRN,5522ac4b-0e41-4c53-836a-aaa17e82b9eb,43,8,14,18.79650002538692,-0.9523748027847816,0.2647352647352647,-0.6695899193908375,-2.0859578723902814,0.7503549082496451,False,False,True
d14f70e6-bf7b-4d6d-a380-bfd0a46ed7a1:72,MRN,5522ac4b-0e41-4c53-836a-aaa17e82b9eb,43,8,14,45.23120091279005,-0.7263784969072642,0.5714285714285714,-3.945968640566875,5.132676577132145,0.8957191457191458,False,False,False
d14f70e6-bf7b-4d6d-a380-bfd0a46ed7a1:77,MRN,5522ac4b-0e41-4c53-836a-aaa17e82b9eb,43,8,14,14.022555555873533,-1.1691408469594382,0.2177822177822178,-2.7472696667546206,0.09012038801659017,0.702842611933521,False,False,False
d14f70e6-bf7b-4d6d-a380-bfd0a46ed7a1:81,MRN,5522ac4b-0e41-4c53-836a-aaa17e82b9eb,43,8,14,97.06807523153836,3.9663597038232226,0.15984015984015984,1.4585978565221325,19.01962870139245,0.6629140090678551,False,False,True
d14f70e6-bf7b-4d6d-a380-bfd0a46ed7a1:83,MRN,5522ac4b-0e41-4c53-836a-aaa17e82b9eb,43,8,14,17.23073055378075,2.6330632220152026,0.04595404595404595,2.6636069209941375,12.63307419826965,0.48495690356155474,True,False,True
d70f3604-b3cc-41b0-967a-f6619b2586a7:1012,SCm,d23b005f-46f5-4fe1-870c-f55f6eb9533d,78,15,25,19.63930064763744,0.18897192446722544,0.4925074925074925,0.9965984669875496,0.056490100427470935,0.8850013622740894,False,False,True
d70f3604-b3cc-41b0-967a-f6619b2586a7:1015,SCm,d23b005f-46f5-4fe1-870c-f55f6eb9533d,78,15,25,12.673707595095468,1.930152324102694,0.16483516483516483,6.698230132171648,6.646488145304435,0.6664656098618362,False,False,True
d70f3604-b3cc-41b0-967a-f6619b2586a7:1086,SCm,d23b005f-46f5-4fe1-870c-f55f6eb9533d,78,15,25,13.765370214073746,0.45468806884250146,0.7082917082917083,-0.8226560403690701,-9.783932168746261,0.9033900231505022,False,False,True
d70f3604-b3cc-41b0-967a-f6619b2586a7:1099,SCm,d23b005f-46f5-4fe1-870c-f55f6eb9533d,78,15,25,27.763702213514925,0.2962454897316893,0.7902097902097902,-2.2776694421511294,1.2117405852955194,0.9218846548546821,False,False,False
d70f3604-b3cc-41b0-967a-f6619b2586a7:1111,SCm,d23b005f-46f5-4fe1-870c-f55f6eb9533d,78,15,25,38.72748714248267,0.41091738869752703,0.7082917082917083,-8.439213208691172,-2.319692682027579,0.9033900231505022,False,False,True
d70f3604-b3cc-41b0-967a-f6619b2586a7:1129,SCm,d23b005f-46f5-4fe1-870c-f55f6eb9533d,78,15,25,52.90732690134848,4.547518471600984,0.2827172827172827,17.38905579330791,6.989450811803664,0.7527347652347652,False,False,True
d70f3604-b3cc-41b0-967a-f6619b2586a7:1138,SCm,d23b005f-46f5-4fe1-870c-f55f6eb9533d,78,15,25,15.036804908603113,-5.538057165461513,0.028971028971028972,-29.664985336986362,-18.87191432247044,0.4255744255744256,True,False,True
d70f3604-b3cc-41b0-967a-f6619b2586a7:1252,SCm,d23b005f-46f5-4fe1-870c-f55f6eb9533d,78,15,25,21.662091464638067,4.746327665470506,0.06493506493506493,-4.825691891728816,0.8065173438104658,0.4927703875072296,False,False,False
d70f3604-b3cc-41b0-967a-f6619b2586a7:450,MRN,d23b005f-46f5-4fe1-870c-f55f6eb9533d,78,15,25,108.38392000397788,1.9832551264393639,0.13086913086913088,7.5825271857820695,8.067527753485166,0.6264073005646039,False,False,True
d70f3604-b3cc-41b0-967a-f6619b2586a7:454,MRN,d23b005f-46f5-4fe1-870c-f55f6eb9533d,78,15,25,38.24590790028887,0.9467763537492893,0.5964035964035964,4.629490405832975,-1.1117320406328375,0.8957191457191458,False,False,False
d70f3604-b3cc-41b0-967a-f6619b2586a7:458,MRN,d23b005f-46f5-4fe1-870c-f55f6eb9533d,78,15,25,77.75410857772614,0.7443408540697729,0.6373626373626373,6.304960407607723,-2.5289067558303344,0.9027759126119781,False,False,False
d70f3604-b3cc-41b0-967a-f6619b2586a7:476,MRN,d23b005f-46f5-4fe1-870c-f55f6eb9533d,78,15,25,32.2803796783512,8.671841205635719,0.01098901098901099,-0.21503082478274393,2.459474285162763,0.2600732600732601,True,False,False
d70f3604-b3cc-41b0-967a-f6619b2586a7:496,MRN,d23b005f-46f5-4fe1-870c-f55f6eb9533d,78,15,25,17.04920711717317,4.234153752365214,0.01998001998001998,-11.104451253917453,2.1302490347061234,0.38688584143129595,True,False,False
d70f3604-b3cc-41b0-967a-f6619b2586a7:499,MRN,d23b005f-46f5-4fe1-870c-f55f6eb9533d,78,15,25,81.87393278500281,0.8837154796397324,0.6093906093906094,8.368506437686193,1.4774516028056297,0.8957191457191458,False,False,True
d70f3604-b3cc-41b0-967a-f6619b2586a7:505,MRN,d23b005f-46f5-4fe1-870c-f55f6eb9533d,78,15,25,99.48354622629708,0.9694611833514442,0.5904095904095904,10.162175613521,-0.15409650506637718,0.8957191457191458,False,False,False
d70f3604-b3cc-41b0-967a-f6619b2586a7:514,MRN,d23b005f-46f5-4fe1-870c-f55f6eb9533d,78,15,25,84.04213325425025,1.0028601055197308,0.5954045954045954,4.211684186260456,2.153805890308945,0.8957191457191458,False,False,True
d70f3604-b3cc-41b0-967a-f6619b2586a7:520,MRN,d23b005f-46f5-4fe1-870c-f55f6eb9533d,78,15,25,55.62196039175105,-2.0453517457204113,0.2547452547452547,-9.509600645121552,-11.097041983017824,0.7484239898033002,False,False,True
d70f3604-b3cc-41b0-967a-f6619b2586a7:690,MRN,d23b005f-46f5-4fe1-870c-f55f6eb9533d,78,15,25,65.91454495702463,-1.2265233868625565,0.3856143856143856,0.815031268994943,1.8419786129258853,0.8338666409732399,False,False,True
d70f3604-b3cc-41b0-967a-f6619b2586a7:704,MRN,d23b005f-46f5-4fe1-870c-f55f6eb9533d,78,15,25,53.629900616872455,3.2553363895563816,0.014985014985014986,4.6804206253775575,0.5804237652953006,0.33597980966402025,True,False,True
d70f3604-b3cc-41b0-967a-f6619b2586a7:713,MRN,d23b005f-46f5-4fe1-870c-f55f6eb9533d,78,15,25,34.48771475819473,8.58620868322522,0.03396603396603397,1.679671410988881,-0.24390232280223145,0.43809132044426163,True,False,False
d70f3604-b3cc-41b0-967a-f6619b2586a7:720,MRN,d23b005f-46f5-4fe1-870c-f55f6eb9533d,78,15,25,32.95327523563625,3.772596000049969,0.41358641358641357,6.93481330492979,-23.989589576065054,0.8358816071820556,False,False,False
d70f3604-b3cc-41b0-967a-f6619b2586a7:722,MRN,d23b005f-46f5-4fe1-870c-f55f6eb9533d,78,15,25,69.18836810115711,2.7142740835155514,0.004995004995004995,0.5075068377135352,2.4066762673027142,0.23643023643023645,True,False,True
d70f3604-b3cc-41b0-967a-f6619b2586a7:729,MRN,d23b005f-46f5-4fe1-870c-f55f6eb9533d,78,15,25,44.17629027932206,-2.3086263800689557,0.001998001998001998,-5.496259678336308,-5.539211754050264,0.2127872127872128,True,False,True
d70f3604-b3cc-41b0-967a-f6619b2586a7:737,MRN,d23b005f-46f5-4fe1-870c-f55f6eb9533d,78,15,25,36.63651477787958,-1.2351269556980427,0.22377622377622378,-3.2442871451261865,-12.140567211974215,0.716756927283243,False,False,True
d70f3604-b3cc-41b0-967a-f6619b2586a7:762,MRN,d23b005f-46f5-4fe1-870c-f55f6eb9533d,78,15,25,51.757963580019656,-2.8404925540894244,0.2037962037962038,4.5294729848892885,-12.07503071013997,0.6945374625374625,False,False,False
d70f3604-b3cc-41b0-967a-f6619b2586a7:843,MRN,d23b005f-46f5-4fe1-870c-f55f6eb9533d,78,15,25,30.41269594118913,6.218292337888661,0.0939060939060939,-5.455548022038492,-8.13915870328639,0.5797680580289276,False,False,True
d70f3604-b3cc-41b0-967a-f6619b2586a7:847,MRN,d23b005f-46f5-4fe1-870c-f55f6eb9533d,78,15,25,33.086549434472374,-1.8084175456658071,0.34565434565434566,1.5179902497928595,-14.040548760106933,0.7942538744677782,False,False,False
d70f3604-b3cc-41b0-967a-f6619b2586a7:849,MRN,d23b005f-46f5-4fe1-870c-f55f6eb9533d,78,15,25,29.077181017832626,0.7253060931186304,0.5084915084915085,-0.9085119995974829,3.4264434382346387,0.8850013622740894,False,False,False
d70f3604-b3cc-41b0-967a-f6619b2586a7:909,MRN,d23b005f-46f5-4fe1-870c-f55f6eb9533d,78,15,25,17.084640895373386,0.2838212152937638,0.8871128871128872,-10.390141193366222,15.150150957667137,0.964056351811454,False,False,False
d70f3604-b3cc-41b0-967a-f6619b2586a7:953,SCm,d23b005f-46f5-4fe1-870c-f55f6eb9533d,78,15,25,29.16343826017493,-8.385316142228035,0.023976023976023976,3.687722242783156,1.4196738481613664,0.4255744255744256,True,False,True
d70f3604-b3cc-41b0-967a-f6619b2586a7:964,SCm,d23b005f-46f5-4fe1-870c-f55f6eb9533d,78,15,25,28.84411555140383,3.1978425519359206,0.06793206793206794,7.270536562236668,8.621706468738665,0.4989493265355335,False,False,True
d70f3604-b3cc-41b0-967a-f6619b2586a7:965,SCm,d23b005f-46f5-4fe1-870c-f55f6eb9533d,78,15,25,30.404383329539613,0.7024518149108971,0.7282717282717283,-6.531387386585841,11.826408851048338,0.9043456543456544,False,False,False
d70f3604-b3cc-41b0-967a-f6619b2586a7:976,SCm,d23b005f-46f5-4fe1-870c-f55f6eb9533d,78,15,25,28.804725312094035,-3.865346403535021,0.1038961038961039,0.9574120999426938,3.87117416766408,0.5871849669318024,False,False,True
d70f3604-b3cc-41b0-967a-f6619b2586a7:977,SCm,d23b005f-46f5-4fe1-870c-f55f6eb9533d,78,15,25,15.084854331489774,2.701711951057426,0.03196803196803197,2.584771047147557,5.481501904585002,0.4255744255744256,True,False,True
d70f3604-b3cc-41b0-967a-f6619b2586a7:998,SCm,d23b005f-46f5-4fe1-870c-f55f6eb9533d,78,15,25,23.995289185599923,0.7783651494641459,0.27672327672327673,1.0271013558863693,1.4451218959068655,0.7527347652347652,False,False,True
d7187e4f-7bfe-42b3-9e36-761c76eb6e8f:851,MRN,97c1d08d-57b4-4595-8052-91eb84ebfd74,87,20,23,11.720904264778458,2.2818933504495558,0.004995004995004995,3.7729497841459327,5.438527316526912,0.23643023643023645,True,False,True
d7187e4f-7bfe-42b3-9e36-761c76eb6e8f:863,MRN,97c1d08d-57b4-4595-8052-91eb84ebfd74,87,20,23,17.080268812638916,-0.7806573887034046,0.056943056943056944,0.1694322948376623,-4.195843002299892,0.4927703875072296,False,False,False
d7187e4f-7bfe-42b3-9e36-761c76eb6e8f:913,MRN,97c1d08d-57b4-4595-8052-91eb84ebfd74,87,20,23,11.690836945246184,0.29557419042863164,0.5214785214785215,1.5485258886608673,-0.3000506090979336,0.8850013622740894,False,False,False
d7187e4f-7bfe-42b3-9e36-761c76eb6e8f:926,MRN,97c1d08d-57b4-4595-8052-91eb84ebfd74,87,20,23,27.053861869770284,-2.196322548449247,0.2947052947052947,-0.17686544140606486,-4.513718155585483,0.7608754881482155,False,False,True
d7187e4f-7bfe-42b3-9e36-761c76eb6e8f:938,MRN,97c1d08d-57b4-4595-8052-91eb84ebfd74,87,20,23,97.79389876386938,-1.8095092086806637,0.4245754245754246,13.766890631892338,-34.66526676019981,0.8358816071820556,False,False,False
d7187e4f-7bfe-42b3-9e36-761c76eb6e8f:963,MRN,97c1d08d-57b4-4595-8052-91eb84ebfd74,87,20,23,73.98680206024804,0.20173321727263915,0.9090909090909091,7.191946314069895,-6.105945096210959,0.9741163359253813,False,False,False
df6012d0-d921-4d0a-af2a-2a91030d0f42:1032,GRN,eebacd5a-7dcd-4ba6-9dff-ec2a4d2f19e0,30,6,6,10.871498243092391,-0.5660987302001415,0.7302697302697303,3.8287080114565395,-8.014064534103763,0.9043456543456544,False,False,False
df6012d0-d921-4d0a-af2a-2a91030d0f42:108,IRN,eebacd5a-7dcd-4ba6-9dff-ec2a4d2f19e0,30,6,6,75.30472572498073,2.737214142146808,0.7412587412587412,34.723362259168475,-5.101982847274044,0.9082974168688455,False,False,False
df6012d0-d921-4d0a-af2a-2a91030d0f42:116,IRN,eebacd5a-7dcd-4ba6-9dff-ec2a4d2f19e0,30,6,6,11.936312607110958,1.6300561456603297,0.5614385614385614,-9.697202733949858,14.791530867319297,0.8957191457191458,False,False,False
df6012d0-d921-4d0a-af2a-2a91030d0f42:120,IRN,eebacd5a-7dcd-4ba6-9dff-ec2a4d2f19e0,30,6,6,19.11288362420965,-1.275456943894648,0.44955044955044954,-7.163909653510675,-5.076375747517158,0.8549486228057656,False,False,True
df6012d0-d921-4d0a-af2a-2a91030d0f42:125,IRN,eebacd5a-7dcd-4ba6-9dff-ec2a4d2f19e0,30,6,6,62.42032863644803,-0.09126855910621323,0.977022977022977,5.467099448852196,-2.7909434760170484,0.9869704763321784,False,False,False
df6012d0-d921-4d0a-af2a-2a91030d0f42:126,IRN,eebacd5a-7dcd-4ba6-9dff-ec2a4d2f19e0,30,6,6,13.963129518182924,-0.5616457525470882,0.8861138861138861,-16.36930750103305,3.273249939436008,0.964056351811454,False,False,False
df6012d0-d921-4d0a-af2a-2a91030d0f42:129,IRN,eebacd5a-7dcd-4ba6-9dff-ec2a4d2f19e0,30,6,6,63.46436132249443,-2.011366877351982,0.7722277722277723,6.092381167230904,-11.522253444447564,0.9158079489571201,False,False,False
df6012d0-d921-4d0a-af2a-2a91030d0f42:132,IRN,eebacd5a-7dcd-4ba6-9dff-ec2a4d2f19e0,30,6,6,98.8903769952512,-21.147725974506002,0.04195804195804196,23.638860981995663,-98.1552726187079,0.4703717335296283,True,False,False
df6012d0-d921-4d0a-af2a-2a91030d0f42:134,IRN,eebacd5a-7dcd-4ba6-9dff-ec2a4d2f19e0,30,6,6,27.66412518767914,6.794724050403651,0.13986013986013987,8.668782375324316,19.71530830223887,0.6271623113728377,False,False,True
df6012d0-d921-4d0a-af2a-2a91030d0f42:148,IRN,eebacd5a-7dcd-4ba6-9dff-ec2a4d2f19e0,30,6,6,118.3861520849564,-17.944432927281888,0.04895104895104895,-6.22429865560504,-84.19876908980714,0.48495690356155474,True,False,True
df6012d0-d921-4d0a-af2a-2a91030d0f42:151,GRN,eebacd5a-7dcd-4ba6-9dff-ec2a4d2f19e0,30,6,6,11.845134093795224,0.3660267554442669,0.9170829170829171,18.931397563292176,-22.831394910093422,0.975758732582554,False,False,False
df6012d0-d921-4d0a-af2a-2a91030d0f42:156,GRN,eebacd5a-7dcd-4ba6-9dff-ec2a4d2f19e0,30,6,6,42.988929974985886,2.1431769010000554,0.42157842157842157,7.003278620315918,-3.228434259863917,0.8358816071820556,False,False,False
df6012d0-d921-4d0a-af2a-2a91030d0f42:16,GRN,eebacd5a-7dcd-4ba6-9dff-ec2a4d2f19e0,30,6,6,16.798467646658366,13.622960111737214,0.022977022977022976,-7.558737751234705,60.560164569533775,0.42557442557442554,True,False,False
df6012d0-d921-4d0a-af2a-2a91030d0f42:164,GRN,eebacd5a-7dcd-4ba6-9dff-ec2a4d2f19e0,30,6,6,63.71642847074872,-7.384843302463498,0.27972027972027974,-15.310761954327575,-38.93301271809163,0.7527347652347652,False,False,True
df6012d0-d921-4d0a-af2a-2a91030d0f42:166,GRN,eebacd5a-7dcd-4ba6-9dff-ec2a4d2f19e0,30,6,6,26.424487166509543,-10.4508890812143,0.004995004995004995,-47.43651916186532,-20.77389271731226,0.23643023643023645,True,False,True
df6012d0-d921-4d0a-af2a-2a91030d0f42:18,GRN,eebacd5a-7dcd-4ba6-9dff-ec2a4d2f19e0,30,6,6,18.289614478526424,3.19885554437586,0.6173826173826173,-6.428295387374485,7.859133974762756,0.8957191457191458,False,False,False
df6012d0-d921-4d0a-af2a-2a91030d0f42:193,GRN,eebacd5a-7dcd-4ba6-9dff-ec2a4d2f19e0,30,6,6,59.21778857226256,-5.430120295251158,0.40559440559440557,19.169978972315413,-26.572747924612685,0.8358816071820556,False,False,False
df6012d0-d921-4d0a-af2a-2a91030d0f42:204,IRN,eebacd5a-7dcd-4ba6-9dff-ec2a4d2f19e0,30,6,6,97.99087166743188,-8.024020029648062,0.007992007992007992,-20.27957652680564,-19.514357661877042,0.2503378973967209,True,False,True
df6012d0-d921-4d0a-af2a-2a91030d0f42:214,GRN,eebacd5a-7dcd-4ba6-9dff-ec2a4d2f19e0,30,6,6,103.35688987155474,-1.5575094987338183,0.6933066933066933,-12.3800315615769,1.9449288745022244,0.9033900231505022,False,False,False
df6012d0-d921-4d0a-af2a-2a91030d0f42:23,GRN,eebacd5a-7dcd-4ba6-9dff-ec2a4d2f19e0,30,6,6,23.169387262450048,-1.4231522122460945,0.7522477522477522,-12.741976831469682,-12.807644500615364,0.9102229215543663,False,False,True
df6012d0-d921-4d0a-af2a-2a91030d0f42:27,GRN,eebacd5a-7dcd-4ba6-9dff-ec2a4d2f19e0,30,6,6,20.369505233044443,1.8407755174415392,0.5014985014985015,-2.126821907861448,-1.272264948528413,0.8850013622740894,False,False,True
df6012d0-d921-4d0a-af2a-2a91030d0f42:29,GRN,eebacd5a-7dcd-4ba6-9dff-ec2a4d2f19e0,30,6,6,39.779360966175645,0.4177242657392166,0.8531468531468531,-6.515174827543639,1.6088365060950665,0.9500421249768509,False,False,False
df6012d0-d921-4d0a-af2a-2a91030d0f42:31,IRN,eebacd5a-7dcd-4ba6-9dff-ec2a4d2f19e0,30,6,6,31.39253897607379,0.03878980682721078,0.991008991008991,-2.2529731294707354,1.5860332811527726,0.991008991008991,False,False,False
df6012d0-d921-4d0a-af2a-2a91030d0f42:42,IRN,eebacd5a-7dcd-4ba6-9dff-ec2a4d2f19e0,30,6,6,31.431568180764387,1.2290974395819823,0.4095904095904096,4.793630236800698,4.2820049779869365,0.8358816071820556,False,False,True
df6012d0-d921-4d0a-af2a-2a91030d0f42:46,IRN,eebacd5a-7dcd-4ba6-9dff-ec2a4d2f19e0,30,6,6,18.71734193522277,-4.977849044263166,0.13986013986013987,-7.370610175601794,-27.189174606322958,0.6271623113728377,False,False,True
df6012d0-d921-4d0a-af2a-2a91030d0f42:48,IRN,eebacd5a-7dcd-4ba6-9dff-ec2a4d2f19e0,30,6,6,18.84191083324664,5.851969251002335,0.3966033966033966,-6.2030789616867175,29.709578408423045,0.8358816071820556,False,False,False
df6012d0-d921-4d0a-af2a-2a91030d0f42:50,IRN,eebacd5a-7dcd-4ba6-9dff-ec2a4d2f19e0,30,6,6,17.412104513495258,-1.4868905906081646,0.5724275724275725,-5.78467380719024,0.5760368727246323,0.8957191457191458,False,False,False
df6012d0-d921-4d0a-af2a-2a91030d0f42:54,IRN,eebacd5a-7dcd-4ba6-9dff-ec2a4d2f19e0,30,6,6,27.432052216985703,-0.2008600746328515,0.7772227772227772,0.791369980428204,-2.1265928297018633,0.9158079489571201,False,False,False
df6012d0-d921-4d0a-af2a-2a91030d0f42:55,IRN,eebacd5a-7dcd-4ba6-9dff-ec2a4d2f19e0,30,6,6,22.3300804953821,0.19620194198342455,0.8921078921078921,-2.2842788408319237,0.4011638323672635,0.9670177151093182,False,False,False
df6012d0-d921-4d0a-af2a-2a91030d0f42:57,IRN,eebacd5a-7dcd-4ba6-9dff-ec2a4d2f19e0,30,6,6,10.873768995448424,-3.6464500092205245,0.08491508491508491,-1.2585735323444034,-9.7136356101678,0.5738806647897556,False,False,True
df6012d0-d921-4d0a-af2a-2a91030d0f42:64,GRN,eebacd5a-7dcd-4ba6-9dff-ec2a4d2f19e0,30,6,6,34.220852468438856,-1.9274101206333092,0.23476523476523475,1.7651858855833993,-5.669991086329372,0.727400259315153,False,False,False
df6012d0-d921-4d0a-af2a-2a91030d0f42:66,GRN,eebacd5a-7dcd-4ba6-9dff-ec2a4d2f19e0,30,6,6,22.429378057624923,2.3528927025377318,0.43356643356643354,-8.363881253392897,6.450223783372685,0.8358816071820556,False,False,False
df6012d0-d921-4d0a-af2a-2a91030d0f42:68,GRN,eebacd5a-7dcd-4ba6-9dff-ec2a4d2f19e0,30,6,6,12.15008760592525,-3.7591021377180103,0.26073926073926074,2.792194635984199,-7.707716999881601,0.7503549082496451,False,False,False
e033ef96-3590-4e52-bb01-6c6d75bab083:255,MRN,fd03d365-91df-41e2-ad81-9e0e4b9f5c7b,51,9,16,24.486564619313917,-0.5491399889883359,0.7732267732267732,,,0.9158079489571201,False,False,False
e033ef96-3590-4e52-bb01-6c6d75bab083:275,MRN,fd03d365-91df-41e2-ad81-9e0e4b9f5c7b,51,9,16,13.281280391351846,-0.22951920219597607,0.6193806193806194,,,0.8957191457191458,False,False,False
e033ef96-3590-4e52-bb01-6c6d75bab083:296,MRN,fd03d365-91df-41e2-ad81-9e0e4b9f5c7b,51,9,16,22.836128830935543,-1.6164865428462143,0.4355644355644356,,,0.8358816071820556,False,False,False
e033ef96-3590-4e52-bb01-6c6d75bab083:299,MRN,fd03d365-91df-41e2-ad81-9e0e4b9f5c7b,51,9,16,22.642706622772163,1.4557316843253378,0.08891108891108891,,,0.5738806647897556,False,False,False
e033ef96-3590-4e52-bb01-6c6d75bab083:303,MRN,fd03d365-91df-41e2-ad81-9e0e4b9f5c7b,51,9,16,60.78786615254726,-4.865019992082612,0.36363636363636365,,,0.802637776731041,False,False,False
e033ef96-3590-4e52-bb01-6c6d75bab083:315,MRN,fd03d365-91df-41e2-ad81-9e0e4b9f5c7b,51,9,16,91.1426444775121,0.9800906658464363,0.7152847152847153,,,0.9043456543456544,False,False,False
e033ef96-3590-4e52-bb01-6c6d75bab083:316,MRN,fd03d365-91df-41e2-ad81-9e0e4b9f5c7b,51,9,16,26.5794783210364,-0.24806699068838967,0.962037962037962,,,0.98280137129058,False,False,False
e033ef96-3590-4e52-bb01-6c6d75bab083:317,MRN,fd03d365-91df-41e2-ad81-9e0e4b9f5c7b,51,9,16,34.77332365397447,-1.7698129883768914,0.7662337662337663,,,0.9158079489571201,False,False,False
e033ef96-3590-4e52-bb01-6c6d75bab083:322,MRN,fd03d365-91df-41e2-ad81-9e0e4b9f5c7b,51,9,16,67.593286807495,-1.5019335143455594,0.3356643356643357,,,0.7942538744677782,False,False,False
e033ef96-3590-4e52-bb01-6c6d75bab083:323,MRN,fd03d365-91df-41e2-ad81-9e0e4b9f5c7b,51,9,16,34.42069895299744,1.1132046606322454,0.8251748251748252,,,0.9373986013986013,False,False,False
e033ef96-3590-4e52-bb01-6c6d75bab083:327,MRN,fd03d365-91df-41e2-ad81-9e0e4b9f5c7b,51,9,16,27.112376712436244,-0.3980492681426213,0.9500499500499501,,,0.98280137129058,False,False,False
e033ef96-3590-4e52-bb01-6c6d75bab083:336,MRN,fd03d365-91df-41e2-ad81-9e0e4b9f5c7b,51,9,16,84.97822412883957,2.2399399338726687,0.5004995004995005,,,0.8850013622740894,False,False,False
e033ef96-3590-4e52-bb01-6c6d75bab083:359,MRN,fd03d365-91df-41e2-ad81-9e0e4b9f5c7b,51,9,16,32.64818662570781,3.263192838720883,0.43756243756243757,,,0.8358816071820556,False,False,False
e033ef96-3590-4e52-bb01-6c6d75bab083:363,MRN,fd03d365-91df-41e2-ad81-9e0e4b9f5c7b,51,9,16,18.018779191096456,-4.343355872729821,0.002997002997002997,,,0.23643023643023645,True,False,False
e033ef96-3590-4e52-bb01-6c6d75bab083:364,MRN,fd03d365-91df-41e2-ad81-9e0e4b9f5c7b,51,9,16,10.477951643064475,-0.48720466546211894,0.26373626373626374,,,0.7503549082496451,False,False,False
e033ef96-3590-4e52-bb01-6c6d75bab083:365,MRN,fd03d365-91df-41e2-ad81-9e0e4b9f5c7b,51,9,16,59.145857640937614,-9.13623066921186,0.0979020979020979,,,0.5871849669318024,False,False,False
e033ef96-3590-4e52-bb01-6c6d75bab083:369,MRN,fd03d365-91df-41e2-ad81-9e0e4b9f5c7b,51,9,16,12.202081991119316,0.25560619081234215,0.7782217782217782,,,0.9158079489571201,False,False,False
e033ef96-3590-4e52-bb01-6c6d75bab083:371,MRN,fd03d365-91df-41e2-ad81-9e0e4b9f5c7b,51,9,16,14.685477510167066,-0.393020061170407,0.42957042957042957,,,0.8358816071820556,False,False,False
e033ef96-3590-4e52-bb01-6c6d75bab083:381,MRN,fd03d365-91df-41e2-ad81-9e0e4b9f5c7b,51,9,16,20.240231707070592,-0.16961809375996806,0.8751248751248751,,,0.9580880657803734,False,False,False
e033ef96-3590-4e52-bb01-6c6d75bab083:387,MRN,fd03d365-91df-41e2-ad81-9e0e4b9f5c7b,51,9,16,69.27633343199457,1.7680736531852759,0.7442557442557443,,,0.9082974168688455,False,False,False
e033ef96-3590-4e52-bb01-6c6d75bab083:395,MRN,fd03d365-91df-41e2-ad81-9e0e4b9f5c7b,51,9,16,16.515339062910915,-3.1964948469643826,0.00999000999000999,,,0.2503378973967209,True,False,False
e033ef96-3590-4e52-bb01-6c6d75bab083:429,MRN,fd03d365-91df-41e2-ad81-9e0e4b9f5c7b,51,9,16,25.11426522068153,-1.298810189313187,0.8121878121878122,,,0.9325930134555472,False,False,False
e033ef96-3590-4e52-bb01-6c6d75bab083:434,MRN,fd03d365-91df-41e2-ad81-9e0e4b9f5c7b,51,9,16,91.8215013243972,1.6681159246229167,0.3096903096903097,,,0.7806394788643309,False,False,False
e033ef96-3590-4e52-bb01-6c6d75bab083:439,MRN,fd03d365-91df-41e2-ad81-9e0e4b9f5c7b,51,9,16,52.71284753864903,2.966718968939901,0.6593406593406593,,,0.902816033806449,False,False,False
e033ef96-3590-4e52-bb01-6c6d75bab083:464,MRN,fd03d365-91df-41e2-ad81-9e0e4b9f5c7b,51,9,16,85.46975150650204,0.9789372601856101,0.5874125874125874,,,0.8957191457191458,False,False,False
e033ef96-3590-4e52-bb01-6c6d75bab083:467,MRN,fd03d365-91df-41e2-ad81-9e0e4b9f5c7b,51,9,16,16.336661538289235,-3.5727912362515966,0.3996003996003996,,,0.8358816071820556,False,False,False
e033ef96-3590-4e52-bb01-6c6d75bab083:474,MRN,fd03d365-91df-41e2-ad81-9e0e4b9f5c7b,51,9,16,71.1634301874748,3.441446099025615,0.12987012987012986,,,0.6264073005646039,False,False,False
e033ef96-3590-4e52-bb01-6c6d75bab083:480,MRN,fd03d365-91df-41e2-ad81-9e0e4b9f5c7b,51,9,16,66.14011814071243,2.6490769683632642,0.17882117882117882,,,0.6860553239863585,False,False,False
e033ef96-3590-4e52-bb01-6c6d75bab083:485,MRN,fd03d365-91df-41e2-ad81-9e0e4b9f5c7b,51,9,16,83.11130309502009,3.1154901460182263,0.1008991008991009,,,0.5871849669318024,False,False,False
e033ef96-3590-4e52-bb01-6c6d75bab083:486,MRN,fd03d365-91df-41e2-ad81-9e0e4b9f5c7b,51,9,16,98.85784100022774,2.198892443057605,0.2857142857142857,,,0.7559893522626441,False,False,False
e033ef96-3590-4e52-bb01-6c6d75bab083:493,MRN,fd03d365-91df-41e2-ad81-9e0e4b9f5c7b,51,9,16,25.91538823891063,0.3677522500641306,0.7992007992007992,,,0.9226545811911666,False,False,False
e033ef96-3590-4e52-bb01-6c6d75bab083:551,SCm,fd03d365-91df-41e2-ad81-9e0e4b9f5c7b,51,9,16,16.926128332155233,-0.9764205777134398,0.5744255744255744,,,0.8957191457191458,False,False,False
e033ef96-3590-4e52-bb01-6c6d75bab083:564,SCm,fd03d365-91df-41e2-ad81-9e0e4b9f5c7b,51,9,16,32.98266250168337,-0.9675477316484589,0.8361638361638362,,,0.9448429554530351,False,False,False
e033ef96-3590-4e52-bb01-6c6d75bab083:569,SCm,fd03d365-91df-41e2-ad81-9e0e4b9f5c7b,51,9,16,15.275841374457652,-0.11335750810201428,0.7902097902097902,,,0.9218846548546821,False,False,False
e033ef96-3590-4e52-bb01-6c6d75bab083:570,SCm,fd03d365-91df-41e2-ad81-9e0e4b9f5c7b,51,9,16,60.45708384057589,-4.0068258016503755,0.3246753246753247,,,0.7903525046382188,False,False,False
e033ef96-3590-4e52-bb01-6c6d75bab083:578,SCm,fd03d365-91df-41e2-ad81-9e0e4b9f5c7b,51,9,16,10.116109544181477,0.028354126118475875,0.99000999000999,,,0.991008991008991,False,False,False
e033ef96-3590-4e52-bb01-6c6d75bab083:602,SCm,fd03d365-91df-41e2-ad81-9e0e4b9f5c7b,51,9,16,13.874049733644036,-1.1973448150353256,0.6763236763236763,,,0.9033900231505022,False,False,False
e033ef96-3590-4e52-bb01-6c6d75bab083:603,SCm,fd03d365-91df-41e2-ad81-9e0e4b9f5c7b,51,9,16,15.70240226392916,-0.22918139972805918,0.5484515484515484,,,0.8850013622740894,False,False,False
e033ef96-3590-4e52-bb01-6c6d75bab083:614,SCm,fd03d365-91df-41e2-ad81-9e0e4b9f5c7b,51,9,16,13.74379714279021,-0.4898306522474165,0.8641358641358642,,,0.954786146495991,False,False,False
e033ef96-3590-4e52-bb01-6c6d75bab083:617,SCm,fd03d365-91df-41e2-ad81-9e0e4b9f5c7b,51,9,16,20.09650210154176,4.789730280879544,0.13086913086913088,,,0.6264073005646039,False,False,False
e033ef96-3590-4e52-bb01-6c6d75bab083:619,SCm,fd03d365-91df-41e2-ad81-9e0e4b9f5c7b,51,9,16,34.86429459239609,1.8486149371257103,0.5294705294705294,,,0.8850013622740894,False,False,False
e033ef96-3590-4e52-bb01-6c6d75bab083:647,SCm,fd03d365-91df-41e2-ad81-9e0e4b9f5c7b,51,9,16,18.02727112130153,-2.019526156620134,0.2127872127872128,,,0.7005609774840544,False,False,False
e033ef96-3590-4e52-bb01-6c6d75bab083:659,SCm,fd03d365-91df-41e2-ad81-9e0e4b9f5c7b,51,9,16,30.38178102838861,-1.7463165347821707,0.5444555444555444,,,0.8850013622740894,False,False,False
e033ef96-3590-4e52-bb01-6c6d75bab083:668,SCm,fd03d365-91df-41e2-ad81-9e0e4b9f5c7b,51,9,16,23.820470881206205,1.0456920315939158,0.7462537462537463,,,0.9082974168688455,False,False,False
e033ef96-3590-4e52-bb01-6c6d75bab083:688,SCm,fd03d365-91df-41e2-ad81-9e0e4b9f5c7b,51,9,16,60.18472342798469,-2.238704767449562,0.6943056943056943,,,0.9033900231505022,False,False,False
e033ef96-3590-4e52-bb01-6c6d75bab083:706,SCm,fd03d365-91df-41e2-ad81-9e0e4b9f5c7b,51,9,16,45.44298344426642,1.4228297966805712,0.1998001998001998,,,0.6898424156488673,False,False,False
e033ef96-3590-4e52-bb01-6c6d75bab083:708,SCm,fd03d365-91df-41e2-ad81-9e0e4b9f5c7b,51,9,16,67.79912398446179,-0.7656173782469873,0.7542457542457542,,,0.9102229215543663,False,False,False
e033ef96-3590-4e52-bb01-6c6d75bab083:735,SCm,fd03d365-91df-41e2-ad81-9e0e4b9f5c7b,51,9,16,22.151396523111533,-0.5642575131557734,0.6753246753246753,,,0.9033900231505022,False,False,False
e033ef96-3590-4e52-bb01-6c6d75bab083:746,SCm,fd03d365-91df-41e2-ad81-9e0e4b9f5c7b,51,9,16,23.55940370765679,-0.9988676964588965,0.5324675324675324,,,0.8850013622740894,False,False,False
e033ef96-3590-4e52-bb01-6c6d75bab083:747,SCm,fd03d365-91df-41e2-ad81-9e0e4b9f5c7b,51,9,16,15.035150338597084,-1.5256113627037529,0.43656343656343655,,,0.8358816071820556,False,False,False
e033ef96-3590-4e52-bb01-6c6d75bab083:755,SCm,fd03d365-91df-41e2-ad81-9e0e4b9f5c7b,51,9,16,15.362870801492718,-0.1642571538809534,0.929070929070929,,,0.9769343956536074,False,False,False
e033ef96-3590-4e52-bb01-6c6d75bab083:803,SCm,fd03d365-91df-41e2-ad81-9e0e4b9f5c7b,51,9,16,24.143422747219194,-0.1729866938885909,0.9230769230769231,,,0.975758732582554,False,False,False
e033ef96-3590-4e52-bb01-6c6d75bab083:809,SCm,fd03d365-91df-41e2-ad81-9e0e4b9f5c7b,51,9,16,29.208301628288808,-0.6768049747201914,0.7892107892107892,,,0.9218846548546821,False,False,False
e033ef96-3590-4e52-bb01-6c6d75bab083:811,SCm,fd03d365-91df-41e2-ad81-9e0e4b9f5c7b,51,9,16,31.6277710329546,2.379349812950755,0.41358641358641357,,,0.8358816071820556,False,False,False
e033ef96-3590-4e52-bb01-6c6d75bab083:827,SCm,fd03d365-91df-41e2-ad81-9e0e4b9f5c7b,51,9,16,19.72198036200218,-0.17870916819524396,0.9020979020979021,,,0.9741163359253813,False,False,False
e033ef96-3590-4e52-bb01-6c6d75bab083:837,SCm,fd03d365-91df-41e2-ad81-9e0e4b9f5c7b,51,9,16,11.467800492179457,0.47023791491099054,0.7012987012987013,,,0.9033900231505022,False,False,False
e033ef96-3590-4e52-bb01-6c6d75bab083:863,SCm,fd03d365-91df-41e2-ad81-9e0e4b9f5c7b,51,9,16,60.38521299347303,3.680855963416203,0.13386613386613386,,,0.6271623113728377,False,False,False
f9d8aacd-b2a0-49f2-bd71-c2f5aadcfdd1:171,MRN,8a3a0197-b40a-449f-be55-c00b23253bbf,20,3,7,17.641502317075215,2.376185819052605,0.06593406593406594,,,0.4927703875072296,False,False,False
f9d8aacd-b2a0-49f2-bd71-c2f5aadcfdd1:5,SNr,8a3a0197-b40a-449f-be55-c00b23253bbf,20,3,7,62.41377149743848,7.223118240728017,0.1848151848151848,,,0.6860553239863585,False,False,False
f9d8aacd-b2a0-49f2-bd71-c2f5aadcfdd1:75,MRN,8a3a0197-b40a-449f-be55-c00b23253bbf,20,3,7,40.55559522777217,2.7945965649067688,0.5374625374625375,,,0.8850013622740894,False,False,False
ffb1b072-2de7-44a4-8115-5799b9866382:184,IRN,d3a2b25e-46d3-4f0b-ade6-4e32255f4c35,58,17,10,25.10422798918084,0.4080493657467734,0.9230769230769231,,,0.975758732582554,False,False,False
ffb1b072-2de7-44a4-8115-5799b9866382:365,IRN,d3a2b25e-46d3-4f0b-ade6-4e32255f4c35,58,17,10,12.879775888772487,5.8416064039620075,0.000999000999000999,,,0.14185814185814186,True,False,False
